,Unnamed: 0,Unnamed: 0.1,Group,Attribute,Year,QuestionNo,Estimate,cv,CI Lower,CI Upper,Unweightedn,QuestionText,QuestionGroup,Region,Marker
0,0,0,Groupe d'âge,15 à 24 ans,2013,agegr10_1 / popn,0.155650855,0.038661505,0.155532624,0.155769087,1027,Percentage of population,Percentage of total population,CA,
1,1,1,Groupe d'âge,15 à 24 ans,2013,agegr10_1 / popn,0.14979009,0.591917397,0.148048095,0.151532085,231,Percentage of population,Percentage of total population,AT,
2,2,2,Groupe d'âge,15 à 24 ans,2013,agegr10_1 / popn,0.146236467,1.6073e-06,0.146236462,0.146236471,211,Percentage of population,Percentage of total population,QC,
3,3,3,Groupe d'âge,15 à 24 ans,2013,agegr10_1 / popn,0.158758986,2.10116e-06,0.15875898,0.158758993,251,Percentage of population,Percentage of total population,ON,
4,4,4,Groupe d'âge,15 à 24 ans,2013,agegr10_1 / popn,0.173339386,2.44352e-06,0.173339378,0.173339394,150,Percentage of population,Percentage of total population,PR,
5,5,5,Groupe d'âge,15 à 24 ans,2013,agegr10_1 / popn,0.162217762,2.45084e-06,0.162217754,0.16221777,77,Percentage of population,Percentage of total population,AB,
6,6,6,Groupe d'âge,15 à 24 ans,2013,agegr10_1 / popn,0.151826717,4.64372e-06,0.151826703,0.15182673,107,Percentage of population,Percentage of total population,BC,
7,7,7,Groupe d'âge,25 à 34 ans,2013,agegr10_2 / popn,0.167804248,0.035861137,0.167686017,0.167922478,1768,Percentage of population,Percentage of total population,CA,
8,8,8,Groupe d'âge,25 à 34 ans,2013,agegr10_2 / popn,0.134765785,0.657906732,0.13302379,0.136507779,421,Percentage of population,Percentage of total population,AT,
9,9,9,Groupe d'âge,25 à 34 ans,2013,agegr10_2 / popn,0.160679383,1.45155e-06,0.160679378,0.160679387,344,Percentage of population,Percentage of total population,QC,
10,10,10,Groupe d'âge,25 à 34 ans,2013,agegr10_2 / popn,0.166619338,4.48413e-06,0.166619323,0.166619353,359,Percentage of population,Percentage of total population,ON,
11,11,11,Groupe d'âge,25 à 34 ans,2013,agegr10_2 / popn,0.176733295,2.92675e-06,0.176733285,0.176733305,283,Percentage of population,Percentage of total population,PR,
12,12,12,Groupe d'âge,25 à 34 ans,2013,agegr10_2 / popn,0.206237227,3.57991e-07,0.206237226,0.206237229,157,Percentage of population,Percentage of total population,AB,
13,13,13,Groupe d'âge,25 à 34 ans,2013,agegr10_2 / popn,0.16393767,1.56992e-06,0.163937665,0.163937675,204,Percentage of population,Percentage of total population,BC,
14,14,14,Groupe d'âge,35 à 44 ans,2013,agegr10_3 / popn,0.160059524,1.37094e-06,0.16005952,0.160059529,2316,Percentage of population,Percentage of total population,CA,
15,15,15,Groupe d'âge,35 à 44 ans,2013,agegr10_3 / popn,0.147302116,3.21802e-06,0.147302107,0.147302125,527,Percentage of population,Percentage of total population,AT,
16,16,16,Groupe d'âge,35 à 44 ans,2013,agegr10_3 / popn,0.156938485,4.3371e-06,0.156938472,0.156938499,472,Percentage of population,Percentage of total population,QC,
17,17,17,Groupe d'âge,35 à 44 ans,2013,agegr10_3 / popn,0.161601329,3.6069e-06,0.161601318,0.16160134,510,Percentage of population,Percentage of total population,ON,
18,18,18,Groupe d'âge,35 à 44 ans,2013,agegr10_3 / popn,0.154247959,3.07493e-06,0.15424795,0.154247969,314,Percentage of population,Percentage of total population,PR,
19,19,19,Groupe d'âge,35 à 44 ans,2013,agegr10_3 / popn,0.180821983,1.06563e-06,0.180821979,0.180821987,208,Percentage of population,Percentage of total population,AB,
20,20,20,Groupe d'âge,35 à 44 ans,2013,agegr10_3 / popn,0.153044753,4.42573e-06,0.15304474,0.153044767,285,Percentage of population,Percentage of total population,BC,
21,21,21,Groupe d'âge,45 à 54 ans,2013,agegr10_4 / popn,0.180675404,7.31847e-07,0.180675401,0.180675406,2618,Percentage of population,Percentage of total population,CA,
22,22,22,Groupe d'âge,45 à 54 ans,2013,agegr10_4 / popn,0.185799711,3.98843e-06,0.185799696,0.185799725,713,Percentage of population,Percentage of total population,AT,
23,23,23,Groupe d'âge,45 à 54 ans,2013,agegr10_4 / popn,0.17986703,5.89141e-07,0.179867028,0.179867032,463,Percentage of population,Percentage of total population,QC,
24,24,24,Groupe d'âge,45 à 54 ans,2013,agegr10_4 / popn,0.184937633,3.63218e-06,0.18493762,0.184937646,559,Percentage of population,Percentage of total population,ON,
25,25,25,Groupe d'âge,45 à 54 ans,2013,agegr10_4 / popn,0.169745524,2.75042e-06,0.169745515,0.169745534,368,Percentage of population,Percentage of total population,PR,
26,26,26,Groupe d'âge,45 à 54 ans,2013,agegr10_4 / popn,0.173729218,3.75208e-06,0.173729205,0.17372923,205,Percentage of population,Percentage of total population,AB,
27,27,27,Groupe d'âge,45 à 54 ans,2013,agegr10_4 / popn,0.178270603,2.93661e-06,0.178270593,0.178270613,310,Percentage of population,Percentage of total population,BC,
28,28,28,Groupe d'âge,55 à 64 ans,2013,agegr10_5 / popn,0.157732327,2.45711e-06,0.157732319,0.157732334,3100,Percentage of population,Percentage of total population,CA,
29,29,29,Groupe d'âge,55 à 64 ans,2013,agegr10_5 / popn,0.179316187,3.23379e-06,0.179316176,0.179316198,944,Percentage of population,Percentage of total population,AT,
30,30,30,Groupe d'âge,55 à 64 ans,2013,agegr10_5 / popn,0.166073615,3.3843e-06,0.166073604,0.166073626,545,Percentage of population,Percentage of total population,QC,
31,31,31,Groupe d'âge,55 à 64 ans,2013,agegr10_5 / popn,0.152326436,9.48162e-07,0.152326433,0.152326439,584,Percentage of population,Percentage of total population,ON,
32,32,32,Groupe d'âge,55 à 64 ans,2013,agegr10_5 / popn,0.153330923,6.48183e-07,0.153330921,0.153330925,466,Percentage of population,Percentage of total population,PR,
33,33,33,Groupe d'âge,55 à 64 ans,2013,agegr10_5 / popn,0.142329276,8.69692e-08,0.142329275,0.142329276,179,Percentage of population,Percentage of total population,AB,
34,34,34,Groupe d'âge,55 à 64 ans,2013,agegr10_5 / popn,0.162976962,2.05303e-06,0.162976955,0.162976969,382,Percentage of population,Percentage of total population,BC,
35,35,35,Groupe d'âge,65 à 74 ans,2013,agegr10_6 / popn,0.102854637,1.94509e-06,0.102854633,0.102854641,2343,Percentage of population,Percentage of total population,CA,
36,36,36,Groupe d'âge,65 à 74 ans,2013,agegr10_6 / popn,0.122121304,4.4857e-07,0.122121303,0.122121305,715,Percentage of population,Percentage of total population,AT,
37,37,37,Groupe d'âge,65 à 74 ans,2013,agegr10_6 / popn,0.112452815,2.61691e-06,0.11245281,0.112452821,394,Percentage of population,Percentage of total population,QC,
38,38,38,Groupe d'âge,65 à 74 ans,2013,agegr10_6 / popn,0.099984845,2.04446e-06,0.099984841,0.099984849,461,Percentage of population,Percentage of total population,ON,
39,39,39,Groupe d'âge,65 à 74 ans,2013,agegr10_6 / popn,0.095116065,1.43398e-06,0.095116063,0.095116068,337,Percentage of population,Percentage of total population,PR,
40,40,40,Groupe d'âge,65 à 74 ans,2013,agegr10_6 / popn,0.079578737,2.74906e-06,0.079578733,0.079578741,123,Percentage of population,Percentage of total population,AB,
41,41,41,Groupe d'âge,65 à 74 ans,2013,agegr10_6 / popn,0.107943294,1.82467e-06,0.107943291,0.107943298,313,Percentage of population,Percentage of total population,BC,
42,42,42,Groupe d'âge,75 ans et plus,2013,agegr10_7 / popn,0.075223005,1.74101e-06,0.075223002,0.075223008,1542,Percentage of population,Percentage of total population,CA,
43,43,43,Groupe d'âge,75 ans et plus,2013,agegr10_7 / popn,0.080904807,4.27379e-06,0.080904801,0.080904814,450,Percentage of population,Percentage of total population,AT,
44,44,44,Groupe d'âge,75 ans et plus,2013,agegr10_7 / popn,0.077752205,2.88591e-06,0.077752201,0.077752209,206,Percentage of population,Percentage of total population,QC,
45,45,45,Groupe d'âge,75 ans et plus,2013,agegr10_7 / popn,0.075771432,4.75737e-06,0.075771425,0.07577144,312,Percentage of population,Percentage of total population,ON,
46,46,46,Groupe d'âge,75 ans et plus,2013,agegr10_7 / popn,0.077486847,4.91892e-06,0.077486839,0.077486854,268,Percentage of population,Percentage of total population,PR,
47,47,47,Groupe d'âge,75 ans et plus,2013,agegr10_7 / popn,0.055085797,1.08305e-07,0.055085797,0.055085797,89,Percentage of population,Percentage of total population,AB,
48,48,48,Groupe d'âge,75 ans et plus,2013,agegr10_7 / popn,0.082,2.50469e-06,0.081999996,0.082000004,217,Percentage of population,Percentage of total population,BC,
49,49,49,Genre,Hommes,2013,sex_1 / popn,0.494024642,1.52346e-06,0.494024627,0.494024657,6435,Percentage of population,Percentage of total population,CA,
50,50,50,Genre,Hommes,2013,sex_1 / popn,0.485309442,1.94847e-06,0.485309424,0.485309461,1687,Percentage of population,Percentage of total population,AT,
51,51,51,Genre,Hommes,2013,sex_1 / popn,0.49547207,6.27454e-07,0.495472064,0.495472077,1171,Percentage of population,Percentage of total population,QC,
52,52,52,Genre,Hommes,2013,sex_1 / popn,0.489969926,2.67006e-06,0.4899699,0.489969952,1320,Percentage of population,Percentage of total population,ON,
53,53,53,Genre,Hommes,2013,sex_1 / popn,0.497790702,1.58601e-06,0.497790687,0.497790718,983,Percentage of population,Percentage of total population,PR,
54,54,54,Genre,Hommes,2013,sex_1 / popn,0.509677808,3.85097e-06,0.509677769,0.509677846,469,Percentage of population,Percentage of total population,AB,
55,55,55,Genre,Hommes,2013,sex_1 / popn,0.492812643,2.02187e-06,0.492812624,0.492812663,805,Percentage of population,Percentage of total population,BC,
56,56,56,Genre,Femmes,2013,sex_2 / popn,0.505975358,1.48748e-06,0.505975343,0.505975373,8279,Percentage of population,Percentage of total population,CA,
57,57,57,Genre,Femmes,2013,sex_2 / popn,0.514690558,3.9531e-06,0.514690518,0.514690598,2314,Percentage of population,Percentage of total population,AT,
58,58,58,Genre,Femmes,2013,sex_2 / popn,0.50452793,6.16192e-07,0.504527923,0.504527936,1464,Percentage of population,Percentage of total population,QC,
59,59,59,Genre,Femmes,2013,sex_2 / popn,0.510030074,3.2782e-06,0.510030041,0.510030107,1716,Percentage of population,Percentage of total population,ON,
60,60,60,Genre,Femmes,2013,sex_2 / popn,0.502209298,1.57206e-06,0.502209282,0.502209313,1203,Percentage of population,Percentage of total population,PR,
61,61,61,Genre,Femmes,2013,sex_2 / popn,0.490322192,2.07513e-06,0.490322172,0.490322212,569,Percentage of population,Percentage of total population,AB,
62,62,62,Genre,Femmes,2013,sex_2 / popn,0.507187357,1.96457e-06,0.507187337,0.507187376,1013,Percentage of population,Percentage of total population,BC,
63,63,63,Éducation,Sans diplôme d'études secondaires,2013,dh1ged_1 / popn,0.126745903,2.714351512,0.119986587,0.13350522,1884,Percentage of population,Percentage of total population,CA,
64,64,64,Éducation,Sans diplôme d'études secondaires,2013,dh1ged_1 / popn,0.197269938,3.98489443,0.181825202,0.212714673,697,Percentage of population,Percentage of total population,AT,
65,65,65,Éducation,Sans diplôme d'études secondaires,2013,dh1ged_1 / popn,0.134734195,5.59283845,0.119929044,0.149539346,318,Percentage of population,Percentage of total population,QC,
66,66,66,Éducation,Sans diplôme d'études secondaires,2013,dh1ged_1 / popn,0.107563305,5.973600512,0.094939128,0.120187481,279,Percentage of population,Percentage of total population,ON,
67,67,67,Éducation,Sans diplôme d'études secondaires,2013,dh1ged_1 / popn,0.173547311,5.765286102,0.153889213,0.193205409,329,Percentage of population,Percentage of total population,PR,
68,68,68,Éducation,Sans diplôme d'études secondaires,2013,dh1ged_1 / popn,0.109213828,10.11777749,0.087503544,0.130924111,93,Percentage of population,Percentage of total population,AB,
69,69,69,Éducation,Sans diplôme d'études secondaires,2013,dh1ged_1 / popn,0.123949293,9.06118357,0.101882881,0.146015706,168,Percentage of population,Percentage of total population,BC,
70,70,70,Éducation,Diplôme d'études secondaires,2013,dh1ged_2 / popn,0.303013529,1.886059004,0.291785073,0.314241985,3742,Percentage of population,Percentage of total population,CA,
71,71,71,Éducation,Diplôme d'études secondaires,2013,dh1ged_2 / popn,0.291906033,3.478034482,0.271958936,0.31185313,984,Percentage of population,Percentage of total population,AT,
72,72,72,Éducation,Diplôme d'études secondaires,2013,dh1ged_2 / popn,0.266305444,4.179330042,0.244438431,0.288172456,588,Percentage of population,Percentage of total population,QC,
73,73,73,Éducation,Diplôme d'études secondaires,2013,dh1ged_2 / popn,0.321847299,3.358885385,0.300607627,0.34308697,790,Percentage of population,Percentage of total population,ON,
74,74,74,Éducation,Diplôme d'études secondaires,2013,dh1ged_2 / popn,0.328951696,3.954603481,0.303393051,0.35451034,634,Percentage of population,Percentage of total population,PR,
75,75,75,Éducation,Diplôme d'études secondaires,2013,dh1ged_2 / popn,0.320874321,5.632942772,0.285362492,0.35638615,281,Percentage of population,Percentage of total population,AB,
76,76,76,Éducation,Diplôme d'études secondaires,2013,dh1ged_2 / popn,0.289834261,5.168692201,0.260401355,0.319267166,465,Percentage of population,Percentage of total population,BC,
77,77,77,Éducation,Diplôme post-secondaire,2013,dh1ged_3 / popn,0.315196218,1.79766805,0.304063704,0.326328731,4431,Percentage of population,Percentage of total population,CA,
78,78,78,Éducation,Diplôme post-secondaire,2013,dh1ged_3 / popn,0.299815712,3.228352312,0.280798885,0.318832539,1180,Percentage of population,Percentage of total population,AT,
79,79,79,Éducation,Diplôme post-secondaire,2013,dh1ged_3 / popn,0.351238923,3.144493056,0.329539108,0.372938737,844,Percentage of population,Percentage of total population,QC,
80,80,80,Éducation,Diplôme post-secondaire,2013,dh1ged_3 / popn,0.299063154,3.624470067,0.277766559,0.320359749,872,Percentage of population,Percentage of total population,ON,
81,81,81,Éducation,Diplôme post-secondaire,2013,dh1ged_3 / popn,0.296205526,3.876017216,0.273648513,0.31876254,658,Percentage of population,Percentage of total population,PR,
82,82,82,Éducation,Diplôme post-secondaire,2013,dh1ged_3 / popn,0.337753436,5.051264307,0.304233544,0.371273328,334,Percentage of population,Percentage of total population,AB,
83,83,83,Éducation,Diplôme post-secondaire,2013,dh1ged_3 / popn,0.298174209,4.613469133,0.271147047,0.32520137,543,Percentage of population,Percentage of total population,BC,
84,84,84,Éducation,Diplôme universtaire,2013,dh1ged_4 / popn,0.25504435,2.042308204,0.244810484,0.265278216,3757,Percentage of population,Percentage of total population,CA,
85,85,85,Éducation,Diplôme universtaire,2013,dh1ged_4 / popn,0.211008317,3.682957439,0.195739724,0.22627691,894,Percentage of population,Percentage of total population,AT,
86,86,86,Éducation,Diplôme universtaire,2013,dh1ged_4 / popn,0.247721438,4.072728694,0.22789924,0.267543637,716,Percentage of population,Percentage of total population,QC,
87,87,87,Éducation,Diplôme universtaire,2013,dh1ged_4 / popn,0.271526242,3.370392464,0.253546021,0.289506463,921,Percentage of population,Percentage of total population,ON,
88,88,88,Éducation,Diplôme universtaire,2013,dh1ged_4 / popn,0.201295467,4.640987367,0.182940774,0.21965016,461,Percentage of population,Percentage of total population,PR,
89,89,89,Éducation,Diplôme universtaire,2013,dh1ged_4 / popn,0.232158415,6.403449969,0.202950457,0.261366373,257,Percentage of population,Percentage of total population,AB,
90,90,90,Éducation,Diplôme universtaire,2013,dh1ged_4 / popn,0.288042237,4.540898218,0.262344157,0.313740318,508,Percentage of population,Percentage of total population,BC,
91,91,91,État civil,Marié.e/union de fait,2013,marstat2_1 / popn,0.616518618,0.765675763,0.607244047,0.625793189,8367,Percentage of population,Percentage of total population,CA,
92,92,92,État civil,Marié.e/union de fait,2013,marstat2_1 / popn,0.640342308,1.239466131,0.624748593,0.655936023,2320,Percentage of population,Percentage of total population,AT,
93,93,93,État civil,Marié.e/union de fait,2013,marstat2_1 / popn,0.613535376,1.553642912,0.594807283,0.632263469,1422,Percentage of population,Percentage of total population,QC,
94,94,94,État civil,Marié.e/union de fait,2013,marstat2_1 / popn,0.603175336,1.44072757,0.586101614,0.620249057,1741,Percentage of population,Percentage of total population,ON,
95,95,95,État civil,Marié.e/union de fait,2013,marstat2_1 / popn,0.601598761,1.59497893,0.582746448,0.620451073,1203,Percentage of population,Percentage of total population,PR,
96,96,96,État civil,Marié.e/union de fait,2013,marstat2_1 / popn,0.638148998,2.218061837,0.610339158,0.665958837,622,Percentage of population,Percentage of total population,AB,
97,97,97,État civil,Marié.e/union de fait,2013,marstat2_1 / popn,0.637321352,1.736912304,0.615572362,0.659070343,1059,Percentage of population,Percentage of total population,BC,
98,98,98,État civil,Séparé.e/divorcé.e,2013,marstat2_2 / popn,0.065833694,3.665190067,0.06109294,0.070574449,1720,Percentage of population,Percentage of total population,CA,
99,99,99,État civil,Séparé.e/divorcé.e,2013,marstat2_2 / popn,0.061342686,6.210878654,0.053857224,0.068828147,456,Percentage of population,Percentage of total population,AT,
100,100,100,État civil,Séparé.e/divorcé.e,2013,marstat2_2 / popn,0.070954854,6.323537241,0.062139395,0.079770313,340,Percentage of population,Percentage of total population,QC,
101,101,101,État civil,Séparé.e/divorcé.e,2013,marstat2_2 / popn,0.071099669,7.090338207,0.061195062,0.081004277,359,Percentage of population,Percentage of total population,ON,
102,102,102,État civil,Séparé.e/divorcé.e,2013,marstat2_2 / popn,0.058895987,7.98471485,0.0496565,0.068135474,254,Percentage of population,Percentage of total population,PR,
103,103,103,État civil,Séparé.e/divorcé.e,2013,marstat2_2 / popn,0.056607336,11.64479027,0.043656222,0.06955845,103,Percentage of population,Percentage of total population,AB,
104,104,104,État civil,Séparé.e/divorcé.e,2013,marstat2_2 / popn,0.055180402,8.652220925,0.045800135,0.064560669,208,Percentage of population,Percentage of total population,BC,
105,105,105,État civil,Veuf.ve,2013,marstat2_3 / popn,0.046163202,3.443356853,0.043040139,0.049286265,1414,Percentage of population,Percentage of total population,CA,
106,106,106,État civil,Veuf.ve,2013,marstat2_3 / popn,0.057137322,5.221619765,0.051275564,0.06299908,462,Percentage of population,Percentage of total population,AT,
107,107,107,État civil,Veuf.ve,2013,marstat2_3 / popn,0.05003298,7.033617892,0.043118844,0.056947115,200,Percentage of population,Percentage of total population,QC,
108,108,108,État civil,Veuf.ve,2013,marstat2_3 / popn,0.046303132,6.484564772,0.040403921,0.052202344,263,Percentage of population,Percentage of total population,ON,
109,109,109,État civil,Veuf.ve,2013,marstat2_3 / popn,0.049354962,7.095690504,0.042474332,0.056235593,242,Percentage of population,Percentage of total population,PR,
110,110,110,État civil,Veuf.ve,2013,marstat2_3 / popn,0.034681519,11.14850625,0.027084949,0.042278088,78,Percentage of population,Percentage of total population,AB,
111,111,111,État civil,Veuf.ve,2013,marstat2_3 / popn,0.041576237,8.666665584,0.034496779,0.048655694,169,Percentage of population,Percentage of total population,BC,
112,112,112,État civil,"Célibataire, jamais marié.e",2013,marstat2_4 / popn,0.271484485,1.399580651,0.264019212,0.278949758,3206,Percentage of population,Percentage of total population,CA,
113,113,113,État civil,"Célibataire, jamais marié.e",2013,marstat2_4 / popn,0.241177684,2.812018859,0.227852964,0.254502404,761,Percentage of population,Percentage of total population,AT,
114,114,114,État civil,"Célibataire, jamais marié.e",2013,marstat2_4 / popn,0.26547679,2.946007191,0.25011071,0.280842871,671,Percentage of population,Percentage of total population,QC,
115,115,115,État civil,"Célibataire, jamais marié.e",2013,marstat2_4 / popn,0.279421863,2.408079256,0.266201788,0.292641937,672,Percentage of population,Percentage of total population,ON,
116,116,116,État civil,"Célibataire, jamais marié.e",2013,marstat2_4 / popn,0.290150289,3.012598264,0.272976467,0.307324112,487,Percentage of population,Percentage of total population,PR,
117,117,117,État civil,"Célibataire, jamais marié.e",2013,marstat2_4 / popn,0.270562148,4.67025675,0.245735931,0.295388364,235,Percentage of population,Percentage of total population,AB,
118,118,118,État civil,"Célibataire, jamais marié.e",2013,marstat2_4 / popn,0.265922009,3.57874269,0.247224339,0.28461968,380,Percentage of population,Percentage of total population,BC,
119,119,119,Situation d'activité,Employé.e,2013,dlfs_1 / popn,0.61896845,0.8556987,0.608562251,0.629374649,7948,Percentage of population,Percentage of total population,CA,
120,120,120,Situation d'activité,Employé.e,2013,dlfs_1 / popn,0.565640326,1.528391832,0.548654846,0.582625805,1974,Percentage of population,Percentage of total population,AT,
121,121,121,Situation d'activité,Employé.e,2013,dlfs_1 / popn,0.613036567,1.602291677,0.593737749,0.632335384,1478,Percentage of population,Percentage of total population,QC,
122,122,122,Situation d'activité,Employé.e,2013,dlfs_1 / popn,0.615841187,1.680344707,0.595509667,0.636172708,1687,Percentage of population,Percentage of total population,ON,
123,123,123,Situation d'activité,Employé.e,2013,dlfs_1 / popn,0.648583996,1.694490792,0.626991235,0.670176758,1223,Percentage of population,Percentage of total population,PR,
124,124,124,Situation d'activité,Employé.e,2013,dlfs_1 / popn,0.703264275,2.243848514,0.672260482,0.734268068,653,Percentage of population,Percentage of total population,AB,
125,125,125,Situation d'activité,Employé.e,2013,dlfs_1 / popn,0.581108679,2.421658361,0.55346009,0.608757268,933,Percentage of population,Percentage of total population,BC,
126,126,126,Situation d'activité,Au chômage,2013,dlfs_2 / popn,0.040010395,6.613579893,0.034811486,0.045209304,481,Percentage of population,Percentage of total population,CA,
127,127,127,Situation d'activité,Au chômage,2013,dlfs_2 / popn,0.055297832,9.947640544,0.04449019,0.066105473,173,Percentage of population,Percentage of total population,AT,
128,128,128,Situation d'activité,Au chômage,2013,dlfs_2 / popn,0.038274482,13.05607412,0.028456445,0.04809252,84,Percentage of population,Percentage of total population,QC,
129,129,129,Situation d'activité,Au chômage,2013,dlfs_2 / popn,0.042266581,12.1459853,0.032180264,0.052352898,96,Percentage of population,Percentage of total population,ON,
130,130,130,Situation d'activité,Au chômage,2013,dlfs_2 / popn,0.030385278,16.46218955,0.02055754,0.040213015,53,Percentage of population,Percentage of total population,PR,
131,131,131,Situation d'activité,Au chômage,2013,dlfs_2 / popn,0.029122701,23.98882463,0.015396721,0.042848682,24,Percentage of population,Percentage of total population,AB,…
132,132,132,Situation d'activité,Au chômage,2013,dlfs_2 / popn,0.042446359,18.77212033,0.026791235,0.058101484,51,Percentage of population,Percentage of total population,BC,*
133,133,133,Situation d'activité,Pas dans la population active,2013,dlfs_3 / popn,0.341021155,1.415132397,0.331539566,0.350502744,5456,Percentage of population,Percentage of total population,CA,
134,134,134,Situation d'activité,Pas dans la population active,2013,dlfs_3 / popn,0.379061842,2.182564452,0.362807108,0.395316577,1629,Percentage of population,Percentage of total population,AT,
135,135,135,Situation d'activité,Pas dans la population active,2013,dlfs_3 / popn,0.348688951,2.542144733,0.33127324,0.366104662,923,Percentage of population,Percentage of total population,QC,
136,136,136,Situation d'activité,Pas dans la population active,2013,dlfs_3 / popn,0.341892231,2.778958986,0.323225249,0.360559214,1087,Percentage of population,Percentage of total population,ON,
137,137,137,Situation d'activité,Pas dans la population active,2013,dlfs_3 / popn,0.321030726,3.337108858,0.299982296,0.342079157,814,Percentage of population,Percentage of total population,PR,
138,138,138,Situation d'activité,Pas dans la population active,2013,dlfs_3 / popn,0.267613024,5.34016325,0.23953513,0.295690917,292,Percentage of population,Percentage of total population,AB,
139,139,139,Situation d'activité,Pas dans la population active,2013,dlfs_3 / popn,0.376444962,3.710230147,0.349003636,0.403886287,711,Percentage of population,Percentage of total population,BC,
140,140,140,Catégorie de revenu personnel,Moins de 20 000 $,2013,incg1_1 / popn,0.355120725,1.029620892,0.347936894,0.362304556,4038,Percentage of population,Percentage of total population,CA,
141,141,141,Catégorie de revenu personnel,Moins de 20 000 $,2013,incg1_1 / popn,0.365686264,1.438505887,0.355350966,0.376021563,1214,Percentage of population,Percentage of total population,AT,
142,142,142,Catégorie de revenu personnel,Moins de 20 000 $,2013,incg1_1 / popn,0.348626737,2.111929053,0.334160927,0.363092547,725,Percentage of population,Percentage of total population,QC,
143,143,143,Catégorie de revenu personnel,Moins de 20 000 $,2013,incg1_1 / popn,0.367204261,1.841828948,0.353916257,0.380492265,826,Percentage of population,Percentage of total population,ON,
144,144,144,Catégorie de revenu personnel,Moins de 20 000 $,2013,incg1_1 / popn,0.333787355,2.220053578,0.319228203,0.348346506,557,Percentage of population,Percentage of total population,PR,
145,145,145,Catégorie de revenu personnel,Moins de 20 000 $,2013,incg1_1 / popn,0.290325965,3.042249621,0.27297261,0.307679321,232,Percentage of population,Percentage of total population,AB,
146,146,146,Catégorie de revenu personnel,Moins de 20 000 $,2013,incg1_1 / popn,0.390063215,2.409129397,0.371600402,0.408526028,484,Percentage of population,Percentage of total population,BC,
147,147,147,Catégorie de revenu personnel,20 000 $ à 39 999 $,2013,incg1_2 / popn,0.270605553,1.025503302,0.265153293,0.276057812,4050,Percentage of population,Percentage of total population,CA,
148,148,148,Catégorie de revenu personnel,20 000 $ à 39 999 $,2013,incg1_2 / popn,0.30966499,1.477585281,0.300675245,0.318654736,1203,Percentage of population,Percentage of total population,AT,
149,149,149,Catégorie de revenu personnel,20 000 $ à 39 999 $,2013,incg1_2 / popn,0.310124373,2.082407837,0.297436044,0.322812702,760,Percentage of population,Percentage of total population,QC,
150,150,150,Catégorie de revenu personnel,20 000 $ à 39 999 $,2013,incg1_2 / popn,0.249463722,2.121342594,0.239066413,0.259861031,706,Percentage of population,Percentage of total population,ON,
151,151,151,Catégorie de revenu personnel,20 000 $ à 39 999 $,2013,incg1_2 / popn,0.277176292,2.078197439,0.265858919,0.288493665,630,Percentage of population,Percentage of total population,PR,
152,152,152,Catégorie de revenu personnel,20 000 $ à 39 999 $,2013,incg1_2 / popn,0.239384423,2.95972567,0.225464075,0.253304771,232,Percentage of population,Percentage of total population,AB,
153,153,153,Catégorie de revenu personnel,20 000 $ à 39 999 $,2013,incg1_2 / popn,0.266614654,2.835230826,0.251762988,0.28146632,519,Percentage of population,Percentage of total population,BC,
154,154,154,Catégorie de revenu personnel,40 000 $ à 59 999 $,2013,incg1_3 / popn,0.175204229,1.025480375,0.171674229,0.178734229,2948,Percentage of population,Percentage of total population,CA,
155,155,155,Catégorie de revenu personnel,40 000 $ à 59 999 $,2013,incg1_3 / popn,0.159716579,2.133699686,0.153021033,0.166412126,803,Percentage of population,Percentage of total population,AT,
156,156,156,Catégorie de revenu personnel,40 000 $ à 59 999 $,2013,incg1_3 / popn,0.187706174,1.947487333,0.180523999,0.194888348,582,Percentage of population,Percentage of total population,QC,
157,157,157,Catégorie de revenu personnel,40 000 $ à 59 999 $,2013,incg1_3 / popn,0.174105351,1.897488473,0.167614614,0.180596088,596,Percentage of population,Percentage of total population,ON,
158,158,158,Catégorie de revenu personnel,40 000 $ à 59 999 $,2013,incg1_3 / popn,0.185027746,2.429837366,0.176194572,0.193860921,449,Percentage of population,Percentage of total population,PR,
159,159,159,Catégorie de revenu personnel,40 000 $ à 59 999 $,2013,incg1_3 / popn,0.183004796,3.278088783,0.171218267,0.194791325,187,Percentage of population,Percentage of total population,AB,
160,160,160,Catégorie de revenu personnel,40 000 $ à 59 999 $,2013,incg1_3 / popn,0.153534817,2.84069348,0.144965741,0.162103893,331,Percentage of population,Percentage of total population,BC,
161,161,161,Catégorie de revenu personnel,60 000 $ à 79 999 $,2013,incg1_4 / popn,0.082774484,3.061958978,0.077794837,0.087754131,1633,Percentage of population,Percentage of total population,CA,
162,162,162,Catégorie de revenu personnel,60 000 $ à 79 999 $,2013,incg1_4 / popn,0.080383442,5.112304429,0.072309492,0.088457392,393,Percentage of population,Percentage of total population,AT,
163,163,163,Catégorie de revenu personnel,60 000 $ à 79 999 $,2013,incg1_4 / popn,0.075691049,6.007313823,0.066757427,0.084624672,289,Percentage of population,Percentage of total population,QC,
164,164,164,Catégorie de revenu personnel,60 000 $ à 79 999 $,2013,incg1_4 / popn,0.08646542,5.090230346,0.077818078,0.095112762,365,Percentage of population,Percentage of total population,ON,
165,165,165,Catégorie de revenu personnel,60 000 $ à 79 999 $,2013,incg1_4 / popn,0.093954946,6.211780002,0.082488246,0.105421646,265,Percentage of population,Percentage of total population,PR,
166,166,166,Catégorie de revenu personnel,60 000 $ à 79 999 $,2013,incg1_4 / popn,0.091732171,9.152019514,0.075237588,0.108226754,132,Percentage of population,Percentage of total population,AB,
167,167,167,Catégorie de revenu personnel,60 000 $ à 79 999 $,2013,incg1_4 / popn,0.072714756,7.709899033,0.061700023,0.083729489,189,Percentage of population,Percentage of total population,BC,
168,168,168,Catégorie de revenu personnel,80 000 $ à 99 999 $,2013,incg1_5 / popn,0.048439771,3.939040942,0.044690944,0.052188597,916,Percentage of population,Percentage of total population,CA,
169,169,169,Catégorie de revenu personnel,80 000 $ à 99 999 $,2013,incg1_5 / popn,0.039436918,8.329304466,0.032983134,0.045890703,190,Percentage of population,Percentage of total population,AT,
170,170,170,Catégorie de revenu personnel,80 000 $ à 99 999 $,2013,incg1_5 / popn,0.036317683,9.43448065,0.029585764,0.043049602,136,Percentage of population,Percentage of total population,QC,
171,171,171,Catégorie de revenu personnel,80 000 $ à 99 999 $,2013,incg1_5 / popn,0.050612545,6.614031303,0.044035555,0.057189534,238,Percentage of population,Percentage of total population,ON,
172,172,172,Catégorie de revenu personnel,80 000 $ à 99 999 $,2013,incg1_5 / popn,0.046218733,9.552449089,0.037544411,0.054893054,121,Percentage of population,Percentage of total population,PR,
173,173,173,Catégorie de revenu personnel,80 000 $ à 99 999 $,2013,incg1_5 / popn,0.069040719,11.05687617,0.054042472,0.084038966,95,Percentage of population,Percentage of total population,AB,
174,174,174,Catégorie de revenu personnel,80 000 $ à 99 999 $,2013,incg1_5 / popn,0.05154291,9.835587208,0.04158262,0.0615032,136,Percentage of population,Percentage of total population,BC,
175,175,175,Catégorie de revenu personnel,100 000 $ à 119 999 $,2013,incg1_6 / popn,0.025878797,5.873759824,0.022892294,0.028865301,452,Percentage of population,Percentage of total population,CA,
176,176,176,Catégorie de revenu personnel,100 000 $ à 119 999 $,2013,incg1_6 / popn,0.02211584,12.64093984,0.016623144,0.027608535,85,Percentage of population,Percentage of total population,AT,
177,177,177,Catégorie de revenu personnel,100 000 $ à 119 999 $,2013,incg1_6 / popn,0.016683603,15.61935895,0.01156377,0.021803436,57,Percentage of population,Percentage of total population,QC,
178,178,178,Catégorie de revenu personnel,100 000 $ à 119 999 $,2013,incg1_6 / popn,0.02213509,10.26819414,0.017669507,0.026600672,98,Percentage of population,Percentage of total population,ON,
179,179,179,Catégorie de revenu personnel,100 000 $ à 119 999 $,2013,incg1_6 / popn,0.03376429,12.9719902,0.025158971,0.04236961,83,Percentage of population,Percentage of total population,PR,
180,180,180,Catégorie de revenu personnel,100 000 $ à 119 999 $,2013,incg1_6 / popn,0.049836194,13.66629735,0.036454889,0.0632175,60,Percentage of population,Percentage of total population,AB,
181,181,181,Catégorie de revenu personnel,100 000 $ à 119 999 $,2013,incg1_6 / popn,0.030667838,14.22863361,0.022094517,0.039241159,69,Percentage of population,Percentage of total population,BC,
182,182,182,Catégorie de revenu personnel,120 000 $ et plus,2013,incg1_7 / popn,0.041976441,4.788067622,0.038027609,0.045925272,677,Percentage of population,Percentage of total population,CA,
183,183,183,Catégorie de revenu personnel,120 000 $ et plus,2013,incg1_7 / popn,0.022995966,11.61647183,0.017747545,0.028244387,113,Percentage of population,Percentage of total population,AT,
184,184,184,Catégorie de revenu personnel,120 000 $ et plus,2013,incg1_7 / popn,0.024850381,12.20077454,0.018893441,0.030807321,86,Percentage of population,Percentage of total population,QC,
185,185,185,Catégorie de revenu personnel,120 000 $ et plus,2013,incg1_7 / popn,0.050013611,7.233506297,0.042905735,0.057121487,207,Percentage of population,Percentage of total population,ON,
186,186,186,Catégorie de revenu personnel,120 000 $ et plus,2013,incg1_7 / popn,0.030070638,12.02896809,0.022963844,0.037177433,81,Percentage of population,Percentage of total population,PR,
187,187,187,Catégorie de revenu personnel,120 000 $ et plus,2013,incg1_7 / popn,0.076675732,10.41519535,0.060985546,0.092365918,100,Percentage of population,Percentage of total population,AB,
188,188,188,Catégorie de revenu personnel,120 000 $ et plus,2013,incg1_7 / popn,0.034861811,11.43833695,0.027027234,0.042696388,90,Percentage of population,Percentage of total population,BC,
189,189,189,Catégorie de revenu familial,Moins de 20 000 $,2013,hhincg1_1 / popn,0.048554228,4.366969117,0.044388318,0.052720139,1210,Percentage of population,Percentage of total population,CA,
190,190,190,Catégorie de revenu familial,Moins de 20 000 $,2013,hhincg1_1 / popn,0.065807919,6.435054856,0.057487731,0.074128107,425,Percentage of population,Percentage of total population,AT,
191,191,191,Catégorie de revenu familial,Moins de 20 000 $,2013,hhincg1_1 / popn,0.060782954,8.101012656,0.051108558,0.07045735,227,Percentage of population,Percentage of total population,QC,
192,192,192,Catégorie de revenu familial,Moins de 20 000 $,2013,hhincg1_1 / popn,0.041563494,9.318370433,0.033954018,0.04917297,192,Percentage of population,Percentage of total population,ON,
193,193,193,Catégorie de revenu familial,Moins de 20 000 $,2013,hhincg1_1 / popn,0.049819428,9.066140366,0.040945336,0.05869352,178,Percentage of population,Percentage of total population,PR,
194,194,194,Catégorie de revenu familial,Moins de 20 000 $,2013,hhincg1_1 / popn,0.030636836,18.52027198,0.019488912,0.041784761,50,Percentage of population,Percentage of total population,AB,*
195,195,195,Catégorie de revenu familial,Moins de 20 000 $,2013,hhincg1_1 / popn,0.053201952,10.81666784,0.041895566,0.064508337,138,Percentage of population,Percentage of total population,BC,
196,196,196,Catégorie de revenu familial,20 000 $ à 39 999 $,2013,hhincg1_2 / popn,0.127001354,2.676059153,0.120323963,0.133678744,2489,Percentage of population,Percentage of total population,CA,
197,197,197,Catégorie de revenu familial,20 000 $ à 39 999 $,2013,hhincg1_2 / popn,0.153827039,4.209795195,0.141103838,0.16655024,765,Percentage of population,Percentage of total population,AT,
198,198,198,Catégorie de revenu familial,20 000 $ à 39 999 $,2013,hhincg1_2 / popn,0.159139293,5.008276484,0.143480133,0.174798453,480,Percentage of population,Percentage of total population,QC,
199,199,199,Catégorie de revenu familial,20 000 $ à 39 999 $,2013,hhincg1_2 / popn,0.114449529,5.450891872,0.102192526,0.126706533,437,Percentage of population,Percentage of total population,ON,
200,200,200,Catégorie de revenu familial,20 000 $ à 39 999 $,2013,hhincg1_2 / popn,0.110382093,6.027864377,0.097309407,0.12345478,363,Percentage of population,Percentage of total population,PR,
201,201,201,Catégorie de revenu familial,20 000 $ à 39 999 $,2013,hhincg1_2 / popn,0.083804476,10.30597374,0.066835369,0.100773583,125,Percentage of population,Percentage of total population,AB,
202,202,202,Catégorie de revenu familial,20 000 $ à 39 999 $,2013,hhincg1_2 / popn,0.138224201,7.015904045,0.119170889,0.157277512,319,Percentage of population,Percentage of total population,BC,
203,203,203,Catégorie de revenu familial,40 000 $ à 59 999 $,2013,hhincg1_3 / popn,0.148531635,2.875101864,0.140141384,0.156921886,2518,Percentage of population,Percentage of total population,CA,
204,204,204,Catégorie de revenu familial,40 000 $ à 59 999 $,2013,hhincg1_3 / popn,0.181105169,4.192189643,0.166188409,0.196021929,788,Percentage of population,Percentage of total population,AT,
205,205,205,Catégorie de revenu familial,40 000 $ à 59 999 $,2013,hhincg1_3 / popn,0.171342613,5.190453645,0.153869373,0.188815853,488,Percentage of population,Percentage of total population,QC,
206,206,206,Catégorie de revenu familial,40 000 $ à 59 999 $,2013,hhincg1_3 / popn,0.140671662,5.465648121,0.125565608,0.155777716,457,Percentage of population,Percentage of total population,ON,
207,207,207,Catégorie de revenu familial,40 000 $ à 59 999 $,2013,hhincg1_3 / popn,0.130783662,5.892092206,0.115643666,0.145923658,361,Percentage of population,Percentage of total population,PR,
208,208,208,Catégorie de revenu familial,40 000 $ à 59 999 $,2013,hhincg1_3 / popn,0.095467128,10.7882595,0.075231905,0.11570235,122,Percentage of population,Percentage of total population,AB,
209,209,209,Catégorie de revenu familial,40 000 $ à 59 999 $,2013,hhincg1_3 / popn,0.168069154,6.957359741,0.145095228,0.19104308,302,Percentage of population,Percentage of total population,BC,
210,210,210,Catégorie de revenu familial,60 000 $ à 79 999 $,2013,hhincg1_4 / popn,0.136399489,3.051599794,0.128221565,0.144577413,2056,Percentage of population,Percentage of total population,CA,
211,211,211,Catégorie de revenu familial,60 000 $ à 79 999 $,2013,hhincg1_4 / popn,0.150445149,4.951116801,0.135810439,0.165079858,561,Percentage of population,Percentage of total population,AT,
212,212,212,Catégorie de revenu familial,60 000 $ à 79 999 $,2013,hhincg1_4 / popn,0.157725292,5.702213787,0.140054843,0.175395741,390,Percentage of population,Percentage of total population,QC,
213,213,213,Catégorie de revenu familial,60 000 $ à 79 999 $,2013,hhincg1_4 / popn,0.130033692,5.92268996,0.114902344,0.145165041,398,Percentage of population,Percentage of total population,ON,
214,214,214,Catégorie de revenu familial,60 000 $ à 79 999 $,2013,hhincg1_4 / popn,0.154534457,6.068281746,0.136110038,0.172958877,334,Percentage of population,Percentage of total population,PR,
215,215,215,Catégorie de revenu familial,60 000 $ à 79 999 $,2013,hhincg1_4 / popn,0.102603945,10.33236763,0.08177503,0.12343286,120,Percentage of population,Percentage of total population,AB,
216,216,216,Catégorie de revenu familial,60 000 $ à 79 999 $,2013,hhincg1_4 / popn,0.130246636,7.013226637,0.112299832,0.14819344,253,Percentage of population,Percentage of total population,BC,
217,217,217,Catégorie de revenu familial,80 000 $ à 99 999 $,2013,hhincg1_5 / popn,0.132690558,3.113847176,0.124572726,0.14080839,1799,Percentage of population,Percentage of total population,CA,
218,218,218,Catégorie de revenu familial,80 000 $ à 99 999 $,2013,hhincg1_5 / popn,0.130289808,5.171507838,0.117051564,0.143528052,468,Percentage of population,Percentage of total population,AT,
219,219,219,Catégorie de revenu familial,80 000 $ à 99 999 $,2013,hhincg1_5 / popn,0.149032692,5.358966212,0.133341161,0.164724223,347,Percentage of population,Percentage of total population,QC,
220,220,220,Catégorie de revenu familial,80 000 $ à 99 999 $,2013,hhincg1_5 / popn,0.130451407,6.154746397,0.114676686,0.146226127,359,Percentage of population,Percentage of total population,ON,
221,221,221,Catégorie de revenu familial,80 000 $ à 99 999 $,2013,hhincg1_5 / popn,0.142640059,6.168606029,0.125352595,0.159927523,279,Percentage of population,Percentage of total population,PR,
222,222,222,Catégorie de revenu familial,80 000 $ à 99 999 $,2013,hhincg1_5 / popn,0.104758057,10.26968803,0.083620858,0.125895255,116,Percentage of population,Percentage of total population,AB,
223,223,223,Catégorie de revenu familial,80 000 $ à 99 999 $,2013,hhincg1_5 / popn,0.130593583,7.674752706,0.110901622,0.150285544,230,Percentage of population,Percentage of total population,BC,
224,224,224,Catégorie de revenu familial,100 000 $ à 119 999 $,2013,hhincg1_6 / popn,0.103115436,3.702890025,0.095613606,0.110617267,1312,Percentage of population,Percentage of total population,CA,
225,225,225,Catégorie de revenu familial,100 000 $ à 119 999 $,2013,hhincg1_6 / popn,0.09466387,6.877292721,0.081872869,0.10745487,320,Percentage of population,Percentage of total population,AT,
226,226,226,Catégorie de revenu familial,100 000 $ à 119 999 $,2013,hhincg1_6 / popn,0.093408132,7.564050787,0.079526457,0.107289807,223,Percentage of population,Percentage of total population,QC,
227,227,227,Catégorie de revenu familial,100 000 $ à 119 999 $,2013,hhincg1_6 / popn,0.10577326,6.67796962,0.091895382,0.119651139,295,Percentage of population,Percentage of total population,ON,
228,228,228,Catégorie de revenu familial,100 000 $ à 119 999 $,2013,hhincg1_6 / popn,0.11676616,8.065061346,0.098263788,0.135268532,211,Percentage of population,Percentage of total population,PR,
229,229,229,Catégorie de revenu familial,100 000 $ à 119 999 $,2013,hhincg1_6 / popn,0.116787231,10.70749518,0.092218315,0.141356146,102,Percentage of population,Percentage of total population,AB,
230,230,230,Catégorie de revenu familial,100 000 $ à 119 999 $,2013,hhincg1_6 / popn,0.098469388,9.072333345,0.080917535,0.116021242,161,Percentage of population,Percentage of total population,BC,
231,231,231,Catégorie de revenu familial,$120 000 à 139 999 $,2013,hhincg1_7 / popn,0.090199662,4.062340872,0.083000465,0.097398858,1036,Percentage of population,Percentage of total population,CA,
232,232,232,Catégorie de revenu familial,$120 000 à 139 999 $,2013,hhincg1_7 / popn,0.078961095,8.065355211,0.06644873,0.091473461,235,Percentage of population,Percentage of total population,AT,
233,233,233,Catégorie de revenu familial,$120 000 à 139 999 $,2013,hhincg1_7 / popn,0.077053785,8.687681846,0.063901518,0.090206053,177,Percentage of population,Percentage of total population,QC,
234,234,234,Catégorie de revenu familial,$120 000 à 139 999 $,2013,hhincg1_7 / popn,0.097420972,7.392455559,0.083271379,0.111570564,252,Percentage of population,Percentage of total population,ON,
235,235,235,Catégorie de revenu familial,$120 000 à 139 999 $,2013,hhincg1_7 / popn,0.091667548,9.028480031,0.075407081,0.107928014,142,Percentage of population,Percentage of total population,PR,
236,236,236,Catégorie de revenu familial,$120 000 à 139 999 $,2013,hhincg1_7 / popn,0.104883137,10.64854044,0.082940011,0.126826263,97,Percentage of population,Percentage of total population,AB,
237,237,237,Catégorie de revenu familial,$120 000 à 139 999 $,2013,hhincg1_7 / popn,0.08479255,10.68262659,0.066995891,0.10258921,133,Percentage of population,Percentage of total population,BC,
238,238,238,Catégorie de revenu familial,140 000 $ et plus,2013,hhincg1_8 / popn,0.213507639,2.297917899,0.203868224,0.223147054,2294,Percentage of population,Percentage of total population,CA,
239,239,239,Catégorie de revenu familial,140 000 $ et plus,2013,hhincg1_8 / popn,0.144899951,5.210072924,0.130067437,0.159732466,439,Percentage of population,Percentage of total population,AT,
240,240,240,Catégorie de revenu familial,140 000 $ et plus,2013,hhincg1_8 / popn,0.131515238,6.095157263,0.115765848,0.147264628,303,Percentage of population,Percentage of total population,QC,
241,241,241,Catégorie de revenu familial,140 000 $ et plus,2013,hhincg1_8 / popn,0.239635984,3.863019131,0.221448123,0.257823845,646,Percentage of population,Percentage of total population,ON,
242,242,242,Catégorie de revenu familial,140 000 $ et plus,2013,hhincg1_8 / popn,0.203406593,5.686667398,0.180680457,0.226132728,318,Percentage of population,Percentage of total population,PR,
243,243,243,Catégorie de revenu familial,140 000 $ et plus,2013,hhincg1_8 / popn,0.361059191,5.118733235,0.324747737,0.397370645,306,Percentage of population,Percentage of total population,AB,
244,244,244,Catégorie de revenu familial,140 000 $ et plus,2013,hhincg1_8 / popn,0.196402536,6.382122845,0.171775339,0.221029734,282,Percentage of population,Percentage of total population,BC,
245,245,245,Fréquence de la fréquentation religieuse,Au moins 1 fois par semaine,2013,ree_02_1 / popn,0.167806129,2.664933989,0.159020011,0.176592246,2672,Percentage of population,Percentage of total population,CA,
246,246,246,Fréquence de la fréquentation religieuse,Au moins 1 fois par semaine,2013,ree_02_1 / popn,0.184196603,4.119385745,0.169288691,0.199104515,884,Percentage of population,Percentage of total population,AT,
247,247,247,Fréquence de la fréquentation religieuse,Au moins 1 fois par semaine,2013,ree_02_1 / popn,0.109387294,6.9173866,0.094520693,0.124253894,280,Percentage of population,Percentage of total population,QC,
248,248,248,Fréquence de la fréquentation religieuse,Au moins 1 fois par semaine,2013,ree_02_1 / popn,0.181884872,4.373752437,0.166255069,0.197514676,598,Percentage of population,Percentage of total population,ON,
249,249,249,Fréquence de la fréquentation religieuse,Au moins 1 fois par semaine,2013,ree_02_1 / popn,0.213733369,5.4434925,0.190874607,0.236592131,445,Percentage of population,Percentage of total population,PR,
250,250,250,Fréquence de la fréquentation religieuse,Au moins 1 fois par semaine,2013,ree_02_1 / popn,0.209989081,7.72355979,0.178123858,0.241854305,191,Percentage of population,Percentage of total population,AB,
251,251,251,Fréquence de la fréquentation religieuse,Au moins 1 fois par semaine,2013,ree_02_1 / popn,0.161225685,7.448748909,0.137630668,0.184820703,274,Percentage of population,Percentage of total population,BC,
252,252,252,Fréquence de la fréquentation religieuse,Au moins 1 fois par mois,2013,ree_02_2 / popn,0.09520085,3.783744072,0.088123587,0.102278113,1410,Percentage of population,Percentage of total population,CA,
253,253,253,Fréquence de la fréquentation religieuse,Au moins 1 fois par mois,2013,ree_02_2 / popn,0.11338721,6.506190205,0.098893033,0.127881387,459,Percentage of population,Percentage of total population,AT,
254,254,254,Fréquence de la fréquentation religieuse,Au moins 1 fois par mois,2013,ree_02_2 / popn,0.066940162,8.545056993,0.055701762,0.078178561,195,Percentage of population,Percentage of total population,QC,
255,255,255,Fréquence de la fréquentation religieuse,Au moins 1 fois par mois,2013,ree_02_2 / popn,0.119183206,6.401158421,0.104194077,0.134172334,337,Percentage of population,Percentage of total population,ON,
256,256,256,Fréquence de la fréquentation religieuse,Au moins 1 fois par mois,2013,ree_02_2 / popn,0.115153133,7.491786212,0.09820336,0.132102905,229,Percentage of population,Percentage of total population,PR,
257,257,257,Fréquence de la fréquentation religieuse,Au moins 1 fois par mois,2013,ree_02_2 / popn,0.08483598,11.36264329,0.065896756,0.103775205,86,Percentage of population,Percentage of total population,AB,
258,258,258,Fréquence de la fréquentation religieuse,Au moins 1 fois par mois,2013,ree_02_2 / popn,0.063264622,13.48712339,0.046500416,0.080028828,104,Percentage of population,Percentage of total population,BC,
259,259,259,Fréquence de la fréquentation religieuse,Au moins 3 fois par mois,2013,ree_02_3 / popn,0.1068233,3.538271671,0.099397215,0.114249384,1508,Percentage of population,Percentage of total population,CA,
260,260,260,Fréquence de la fréquentation religieuse,Au moins 3 fois par mois,2013,ree_02_3 / popn,0.121106876,5.626043755,0.107720142,0.134493611,443,Percentage of population,Percentage of total population,AT,
261,261,261,Fréquence de la fréquentation religieuse,Au moins 3 fois par mois,2013,ree_02_3 / popn,0.105114681,7.026798835,0.090602803,0.11962656,277,Percentage of population,Percentage of total population,QC,
262,262,262,Fréquence de la fréquentation religieuse,Au moins 3 fois par mois,2013,ree_02_3 / popn,0.112745874,6.611582907,0.098100217,0.127391531,321,Percentage of population,Percentage of total population,ON,
263,263,263,Fréquence de la fréquentation religieuse,Au moins 3 fois par mois,2013,ree_02_3 / popn,0.114793037,7.611660666,0.097625907,0.131960168,239,Percentage of population,Percentage of total population,PR,
264,264,264,Fréquence de la fréquentation religieuse,Au moins 3 fois par mois,2013,ree_02_3 / popn,0.101818684,11.08124359,0.079651081,0.123986286,96,Percentage of population,Percentage of total population,AB,
265,265,265,Fréquence de la fréquentation religieuse,Au moins 3 fois par mois,2013,ree_02_3 / popn,0.085343262,11.15244394,0.066643244,0.10404328,132,Percentage of population,Percentage of total population,BC,
266,266,266,Fréquence de la fréquentation religieuse,1 ou 2 fois par an,2013,ree_02_4 / popn,0.150553841,3.159142007,0.141209176,0.159898506,1974,Percentage of population,Percentage of total population,CA,
267,267,267,Fréquence de la fréquentation religieuse,1 ou 2 fois par an,2013,ree_02_4 / popn,0.156346552,5.007777381,0.140963728,0.171729376,542,Percentage of population,Percentage of total population,AT,
268,268,268,Fréquence de la fréquentation religieuse,1 ou 2 fois par an,2013,ree_02_4 / popn,0.198184417,5.126702752,0.178222126,0.218146708,447,Percentage of population,Percentage of total population,QC,
269,269,269,Fréquence de la fréquentation religieuse,1 ou 2 fois par an,2013,ree_02_4 / popn,0.134052021,5.812494042,0.11874331,0.149360732,369,Percentage of population,Percentage of total population,ON,
270,270,270,Fréquence de la fréquentation religieuse,1 ou 2 fois par an,2013,ree_02_4 / popn,0.14750005,6.786874261,0.127831846,0.167168254,290,Percentage of population,Percentage of total population,PR,
271,271,271,Fréquence de la fréquentation religieuse,1 ou 2 fois par an,2013,ree_02_4 / popn,0.141410416,10.53251586,0.11214759,0.170673242,131,Percentage of population,Percentage of total population,AB,
272,272,272,Fréquence de la fréquentation religieuse,1 ou 2 fois par an,2013,ree_02_4 / popn,0.122746936,9.701664188,0.099349965,0.146143907,195,Percentage of population,Percentage of total population,BC,
273,273,273,Fréquence de la fréquentation religieuse,Pas du tout,2013,ree_02_5 / popn,0.479615881,1.376304377,0.466646752,0.492585009,6171,Percentage of population,Percentage of total population,CA,
274,274,274,Fréquence de la fréquentation religieuse,Pas du tout,2013,ree_02_5 / popn,0.424962759,2.424121301,0.404722877,0.44520264,1423,Percentage of population,Percentage of total population,AT,
275,275,275,Fréquence de la fréquentation religieuse,Pas du tout,2013,ree_02_5 / popn,0.520373447,2.355898807,0.496286902,0.544459991,1232,Percentage of population,Percentage of total population,QC,
276,276,276,Fréquence de la fréquentation religieuse,Pas du tout,2013,ree_02_5 / popn,0.452134027,2.532992602,0.429632921,0.474635132,1216,Percentage of population,Percentage of total population,ON,
277,277,277,Fréquence de la fréquentation religieuse,Pas du tout,2013,ree_02_5 / popn,0.408820411,3.38998413,0.381591331,0.436049492,866,Percentage of population,Percentage of total population,PR,
278,278,278,Fréquence de la fréquentation religieuse,Pas du tout,2013,ree_02_5 / popn,0.461945838,4.409173754,0.42192824,0.501963436,456,Percentage of population,Percentage of total population,AB,
279,279,279,Fréquence de la fréquentation religieuse,Pas du tout,2013,ree_02_5 / popn,0.567419494,3.058880272,0.533318309,0.60152068,978,Percentage of population,Percentage of total population,BC,
280,280,280,Statut d'immigration,Né.e au Canada,2013,dcit2_1 / popn,0.78809228,0.637000488,0.77822904,0.797955519,11683,Percentage of population,Percentage of total population,CA,
281,281,281,Statut d'immigration,Né.e au Canada,2013,dcit2_1 / popn,0.952546664,0.470949107,0.943732869,0.96136046,3550,Percentage of population,Percentage of total population,AT,
282,282,282,Statut d'immigration,Né.e au Canada,2013,dcit2_1 / popn,0.86205451,1.029201046,0.844622892,0.879486127,2183,Percentage of population,Percentage of total population,QC,
283,283,283,Statut d'immigration,Né.e au Canada,2013,dcit2_1 / popn,0.731419712,1.275768246,0.713086389,0.749753035,2123,Percentage of population,Percentage of total population,ON,
284,284,284,Statut d'immigration,Né.e au Canada,2013,dcit2_1 / popn,0.868359343,1.110770541,0.849408585,0.8873101,1840,Percentage of population,Percentage of total population,PR,
285,285,285,Statut d'immigration,Né.e au Canada,2013,dcit2_1 / popn,0.789590006,1.967628402,0.759065583,0.820114429,774,Percentage of population,Percentage of total population,AB,
286,286,286,Statut d'immigration,Né.e au Canada,2013,dcit2_1 / popn,0.696645777,2.049690613,0.668591243,0.724700311,1213,Percentage of population,Percentage of total population,BC,
287,287,287,Statut d'immigration,Naturalisé.e,2013,dcit2_2 / popn,0.158511095,2.877897275,0.149548419,0.167473771,1589,Percentage of population,Percentage of total population,CA,
288,288,288,Statut d'immigration,Naturalisé.e,2013,dcit2_2 / popn,0.025085474,12.24917241,0.019048327,0.031122622,122,Percentage of population,Percentage of total population,AT,
289,289,289,Statut d'immigration,Naturalisé.e,2013,dcit2_2 / popn,0.086548601,7.822183147,0.073247402,0.099849799,208,Percentage of population,Percentage of total population,QC,
290,290,290,Statut d'immigration,Naturalisé.e,2013,dcit2_2 / popn,0.213371208,4.031213633,0.196471688,0.230270728,592,Percentage of population,Percentage of total population,ON,
291,291,291,Statut d'immigration,Naturalisé.e,2013,dcit2_2 / popn,0.073536168,9.179471322,0.060273789,0.086798546,167,Percentage of population,Percentage of total population,PR,
292,292,292,Statut d'immigration,Naturalisé.e,2013,dcit2_2 / popn,0.161988788,8.933124949,0.133557855,0.190419721,141,Percentage of population,Percentage of total population,AB,
293,293,293,Statut d'immigration,Naturalisé.e,2013,dcit2_2 / popn,0.233937523,5.436171221,0.208951579,0.258923466,359,Percentage of population,Percentage of total population,BC,
294,294,294,Statut d'immigration,Non canadien.ne,2013,dcit2_3 / popn,0.053396625,5.671119585,0.047447058,0.059346192,504,Percentage of population,Percentage of total population,CA,
295,295,295,Statut d'immigration,Non canadien.ne,2013,dcit2_3 / popn,0.022367861,15.49502027,0.015558297,0.029177426,72,Percentage of population,Percentage of total population,AT,
296,296,296,Statut d'immigration,Non canadien.ne,2013,dcit2_3 / popn,0.05139689,12.0024318,0.039276717,0.063517063,88,Percentage of population,Percentage of total population,QC,
297,297,297,Statut d'immigration,Non canadien.ne,2013,dcit2_3 / popn,0.055209081,10.45545118,0.043867958,0.066550203,126,Percentage of population,Percentage of total population,ON,
298,298,298,Statut d'immigration,Non canadien.ne,2013,dcit2_3 / popn,0.05810449,13.01808527,0.043243096,0.072965884,83,Percentage of population,Percentage of total population,PR,
299,299,299,Statut d'immigration,Non canadien.ne,2013,dcit2_3 / popn,0.048421206,17.90886503,0.031383685,0.065458727,44,Percentage of population,Percentage of total population,AB,*
300,300,300,Statut d'immigration,Non canadien.ne,2013,dcit2_3 / popn,0.0694167,12.6014448,0.052230216,0.086603185,91,Percentage of population,Percentage of total population,BC,
