,Unnamed: 0,Group,Attribute,Year,QuestionNo.,Estimate,cv,CI Lower,CI Upper,Unweightedn,QuestionText,QuestionGroup,Region,Marker
0,1,Montant déjà donné suffisant,Do not report barrier,2018,gs1datot,165.451999073709,3.51583420521283,154.050853342069,176.85314480534902,2645,Total donation amount,Average Amount Donated by Donors Reporting Barriers,CA,
1,2,Montant déjà donné suffisant,Report barrier,2018,gs1datot,230.106545398751,1.9634182621704501,221.251518402715,238.961572394787,6826,Total donation amount,Average Amount Donated by Donors Reporting Barriers,CA,
2,3,Pas les moyens de donner plus,Do not report barrier,2018,gs1datot,226.99732489641602,3.20289553052792,212.747431886246,241.247217906585,3140,Total donation amount,Average Amount Donated by Donors Reporting Barriers,CA,
3,4,Pas les moyens de donner plus,Report barrier,2018,gs1datot,198.940503300452,2.15323016212994,190.544709611319,207.336296989584,6342,Total donation amount,Average Amount Donated by Donors Reporting Barriers,CA,
4,5,Aucune sollicitation,Do not report barrier,2018,gs1datot,213.631312736115,2.1400076707791698,204.67089348865798,222.591731983572,7052,Total donation amount,Average Amount Donated by Donors Reporting Barriers,CA,
5,6,Aucune sollicitation,Report barrier,2018,gs1datot,191.677489975347,3.80865334756234,177.36910386873,205.985876081963,2252,Total donation amount,Average Amount Donated by Donors Reporting Barriers,CA,
6,7,Ne savent pas où donner,Do not report barrier,2018,gs1datot,213.324181146554,1.9152401547559899,205.31641435468998,221.331947938418,8377,Total donation amount,Average Amount Donated by Donors Reporting Barriers,CA,
7,8,Ne savent pas où donner,Report barrier,2018,gs1datot,168.480069754553,6.5929987300065305,146.709007646185,190.251131862921,891,Total donation amount,Average Amount Donated by Donors Reporting Barriers,CA,
8,9,Difficulté à trouver une cause,Do not report barrier,2018,gs1datot,211.931031329557,1.9254278304310501,203.93324333875302,219.928819320362,8393,Total donation amount,Average Amount Donated by Donors Reporting Barriers,CA,
9,10,Difficulté à trouver une cause,Report barrier,2018,gs1datot,177.38559440935902,5.79951623123505,157.22245249293002,197.548736325788,882,Total donation amount,Average Amount Donated by Donors Reporting Barriers,CA,
10,11,Don de temps,Do not report barrier,2018,gs1datot,206.76468509454799,2.07751467227157,198.345529128323,215.183841060773,6642,Total donation amount,Average Amount Donated by Donors Reporting Barriers,CA,
11,12,Don de temps,Report barrier,2018,gs1datot,211.404659258209,3.5091453388226497,196.864672815811,225.944645700607,2595,Total donation amount,Average Amount Donated by Donors Reporting Barriers,CA,
12,13,Don direct,Do not report barrier,2018,gs1datot,198.81806411457,2.29405631007357,189.87867162406602,207.757456605075,5424,Total donation amount,Average Amount Donated by Donors Reporting Barriers,CA,
13,14,Don direct,Report barrier,2018,gs1datot,224.72268137756302,2.7546332927432204,212.589944160313,236.85541859481302,3853,Total donation amount,Average Amount Donated by Donors Reporting Barriers,CA,
14,15,Crédit d'impôt insuffisant,Do not report barrier,2018,gs1datot,207.16266856446097,1.95316458380721,199.232207659608,215.093129469315,7600,Total donation amount,Average Amount Donated by Donors Reporting Barriers,CA,
15,16,Crédit d'impôt insuffisant,Report barrier,2018,gs1datot,217.684566978158,4.70058894277479,197.629320401207,237.739813555108,1661,Total donation amount,Average Amount Donated by Donors Reporting Barriers,CA,
16,17,Utilisation non efficiente de l'argent,Do not report barrier,2018,gs1datot,205.63036838431,2.0631975521170904,197.315102157334,213.945634611287,7100,Total donation amount,Average Amount Donated by Donors Reporting Barriers,CA,
17,18,Utilisation non efficiente de l'argent,Report barrier,2018,gs1datot,216.50561528025798,3.67297152895552,200.91961005067,232.091620509846,2171,Total donation amount,Average Amount Donated by Donors Reporting Barriers,CA,
18,19,N'aimaient pas les méthodes de sollicitation,Do not report barrier,2018,gs1datot,196.349239451762,2.15893190352349,188.04086123218102,204.657617671343,7024,Total donation amount,Average Amount Donated by Donors Reporting Barriers,CA,
19,20,N'aimaient pas les méthodes de sollicitation,Report barrier,2018,gs1datot,252.135752740058,3.23450341088891,236.151580994365,268.11992448575097,2239,Total donation amount,Average Amount Donated by Donors Reporting Barriers,CA,
20,21,Montant déjà donné suffisant,Do not report barrier,2018,gs1datot,185.35116586913102,3.68531831059399,171.963082191669,198.73924954659302,2344,Total donation amount,Average Amount Donated by Donors Reporting Barriers,CA (without QC),
21,22,Montant déjà donné suffisant,Report barrier,2018,gs1datot,252.983633678309,2.22451921508365,241.953604058722,264.013663297896,5828,Total donation amount,Average Amount Donated by Donors Reporting Barriers,CA (without QC),
22,23,Pas les moyens de donner plus,Do not report barrier,2018,gs1datot,257.93526923291597,3.66884879216211,239.38763023716598,276.482908228665,2624,Total donation amount,Average Amount Donated by Donors Reporting Barriers,CA (without QC),
23,24,Pas les moyens de donner plus,Report barrier,2018,gs1datot,216.613070442121,2.22606333240084,207.16223360343002,226.063907280813,5561,Total donation amount,Average Amount Donated by Donors Reporting Barriers,CA (without QC),
24,25,Aucune sollicitation,Do not report barrier,2018,gs1datot,237.483444817754,2.3303268595598503,226.636728749241,248.330160886267,6006,Total donation amount,Average Amount Donated by Donors Reporting Barriers,CA (without QC),
25,26,Aucune sollicitation,Report barrier,2018,gs1datot,206.699133659733,3.9627370098093597,190.64518024607497,222.75308707339002,2032,Total donation amount,Average Amount Donated by Donors Reporting Barriers,CA (without QC),
26,27,Ne savent pas où donner,Do not report barrier,2018,gs1datot,233.281498304725,2.0764501070915498,223.787483876782,242.775512732668,7238,Total donation amount,Average Amount Donated by Donors Reporting Barriers,CA (without QC),
27,28,Ne savent pas où donner,Report barrier,2018,gs1datot,198.13528596051202,7.12909215617363,170.450310312939,225.820261608085,768,Total donation amount,Average Amount Donated by Donors Reporting Barriers,CA (without QC),
28,29,Difficulté à trouver une cause,Do not report barrier,2018,gs1datot,234.806174671877,2.0771183590560502,225.247034088435,244.365315255319,7250,Total donation amount,Average Amount Donated by Donors Reporting Barriers,CA (without QC),
29,30,Difficulté à trouver une cause,Report barrier,2018,gs1datot,185.84655977897498,6.08943746026694,163.66562770789199,208.02749185005902,764,Total donation amount,Average Amount Donated by Donors Reporting Barriers,CA (without QC),
30,31,Don de temps,Do not report barrier,2018,gs1datot,230.044647761315,2.24118447115958,219.93961259929299,240.149682923336,5765,Total donation amount,Average Amount Donated by Donors Reporting Barriers,CA (without QC),
31,32,Don de temps,Report barrier,2018,gs1datot,226.316227456133,3.94052715963606,208.83716592112998,243.795288991136,2210,Total donation amount,Average Amount Donated by Donors Reporting Barriers,CA (without QC),
32,33,Don direct,Do not report barrier,2018,gs1datot,218.354996481349,2.44811316816984,207.877857257234,228.83213570546502,4730,Total donation amount,Average Amount Donated by Donors Reporting Barriers,CA (without QC),
33,34,Don direct,Report barrier,2018,gs1datot,249.464378011146,3.1092113892179705,234.262162648351,264.66659337394,3283,Total donation amount,Average Amount Donated by Donors Reporting Barriers,CA (without QC),
34,35,Crédit d'impôt insuffisant,Do not report barrier,2018,gs1datot,228.474686244853,2.1171023858471103,218.994256107432,237.955116382275,6555,Total donation amount,Average Amount Donated by Donors Reporting Barriers,CA (without QC),
35,36,Crédit d'impôt insuffisant,Report barrier,2018,gs1datot,236.457739940686,5.1471727990209,212.603236876875,260.312243004497,1447,Total donation amount,Average Amount Donated by Donors Reporting Barriers,CA (without QC),
36,37,Utilisation non efficiente de l'argent,Do not report barrier,2018,gs1datot,225.953704453024,2.32188827038587,215.670963986279,236.23644491976899,6104,Total donation amount,Average Amount Donated by Donors Reporting Barriers,CA (without QC),
37,38,Utilisation non efficiente de l'argent,Report barrier,2018,gs1datot,239.77343876776501,3.6959252624135797,222.404537623152,257.142339912378,1904,Total donation amount,Average Amount Donated by Donors Reporting Barriers,CA (without QC),
38,39,N'aimaient pas les méthodes de sollicitation,Do not report barrier,2018,gs1datot,218.24020815189,2.40373018945591,207.958421778597,228.521994525183,5927,Total donation amount,Average Amount Donated by Donors Reporting Barriers,CA (without QC),
39,40,N'aimaient pas les méthodes de sollicitation,Report barrier,2018,gs1datot,264.374842643819,3.29184125249254,247.31766782169998,281.432017465938,2077,Total donation amount,Average Amount Donated by Donors Reporting Barriers,CA (without QC),
40,41,Montant déjà donné suffisant,Do not report barrier,2018,gs1datot,204.511523057774,10.5878209003075,162.071807899407,246.951238216141,248,Total donation amount,Average Amount Donated by Donors Reporting Barriers,AB,
41,42,Montant déjà donné suffisant,Report barrier,2018,gs1datot,283.88125348885603,5.182844677212139,255.044059494141,312.718447483571,491,Total donation amount,Average Amount Donated by Donors Reporting Barriers,AB,
42,43,Montant déjà donné suffisant,Do not report barrier,2018,gs1datot,162.775541925782,6.77989859666829,141.145346694818,184.405737156746,632,Total donation amount,Average Amount Donated by Donors Reporting Barriers,AT,
43,44,Montant déjà donné suffisant,Report barrier,2018,gs1datot,209.09064269932202,3.3859560204033,195.21465195762198,222.966633441023,1918,Total donation amount,Average Amount Donated by Donors Reporting Barriers,AT,
44,45,Montant déjà donné suffisant,Do not report barrier,2018,gs1datot,171.171473595686,7.66804072864468,145.445969626713,196.89697756465802,396,Total donation amount,Average Amount Donated by Donors Reporting Barriers,BC,
45,46,Montant déjà donné suffisant,Report barrier,2018,gs1datot,262.26692921665796,4.94553213847651,236.84522561992,287.68863281339503,768,Total donation amount,Average Amount Donated by Donors Reporting Barriers,BC,
46,47,Montant déjà donné suffisant,Do not report barrier,2018,gs1datot,185.80382959460601,6.0735605184497095,163.685816275149,207.921842914063,707,Total donation amount,Average Amount Donated by Donors Reporting Barriers,ON,
47,48,Montant déjà donné suffisant,Report barrier,2018,gs1datot,249.376860041508,3.5015194362580297,232.26249524894402,266.49122483407103,1805,Total donation amount,Average Amount Donated by Donors Reporting Barriers,ON,
48,49,Montant déjà donné suffisant,Do not report barrier,2018,gs1datot,196.87737388102502,8.89411723660268,162.557415817064,231.19733194498698,361,Total donation amount,Average Amount Donated by Donors Reporting Barriers,PR,
49,50,Montant déjà donné suffisant,Report barrier,2018,gs1datot,268.84962387355597,4.38735669614348,245.73108041790002,291.968167329212,846,Total donation amount,Average Amount Donated by Donors Reporting Barriers,PR,
50,51,Montant déjà donné suffisant,Do not report barrier,2018,gs1datot,93.18438873678059,10.118520642238302,74.7041203673262,111.66465710623501,301,Total donation amount,Average Amount Donated by Donors Reporting Barriers,QC,
51,52,Montant déjà donné suffisant,Report barrier,2018,gs1datot,167.307027941086,4.01730787247491,154.133642736404,180.480413145768,998,Total donation amount,Average Amount Donated by Donors Reporting Barriers,QC,
52,53,Pas les moyens de donner plus,Do not report barrier,2018,gs1datot,271.63163736733895,7.995588295892321,229.064066656457,314.19920807822103,253,Total donation amount,Average Amount Donated by Donors Reporting Barriers,AB,
53,54,Pas les moyens de donner plus,Report barrier,2018,gs1datot,241.227822337822,6.39146844679978,211.009097330926,271.446547344719,489,Total donation amount,Average Amount Donated by Donors Reporting Barriers,AB,
54,55,Pas les moyens de donner plus,Do not report barrier,2018,gs1datot,206.51127520896702,5.23895239804812,185.306371147808,227.716179270127,787,Total donation amount,Average Amount Donated by Donors Reporting Barriers,AT,
55,56,Pas les moyens de donner plus,Report barrier,2018,gs1datot,191.873955488376,3.7220452808244104,177.87660710710603,205.871303869645,1776,Total donation amount,Average Amount Donated by Donors Reporting Barriers,AT,
56,57,Pas les moyens de donner plus,Do not report barrier,2018,gs1datot,264.150843114344,7.16423870589056,227.05970667431,301.241979554379,364,Total donation amount,Average Amount Donated by Donors Reporting Barriers,BC,
57,58,Pas les moyens de donner plus,Report barrier,2018,gs1datot,207.883294773937,4.855483365322,188.09993026240002,227.66665928547403,794,Total donation amount,Average Amount Donated by Donors Reporting Barriers,BC,
58,59,Pas les moyens de donner plus,Do not report barrier,2018,gs1datot,259.719192157335,6.155266454593019,228.38640762562198,291.051976689047,816,Total donation amount,Average Amount Donated by Donors Reporting Barriers,ON,
59,60,Pas les moyens de donner plus,Report barrier,2018,gs1datot,215.36113621730598,3.3309430034152205,201.301223446394,229.42104898821702,1702,Total donation amount,Average Amount Donated by Donors Reporting Barriers,ON,
60,61,Pas les moyens de donner plus,Do not report barrier,2018,gs1datot,269.975853225677,6.87696245489219,233.586891289014,306.36481516234,404,Total donation amount,Average Amount Donated by Donors Reporting Barriers,PR,
61,62,Pas les moyens de donner plus,Report barrier,2018,gs1datot,229.933131014607,5.31013153598743,206.002457419118,253.86380461009603,800,Total donation amount,Average Amount Donated by Donors Reporting Barriers,PR,
62,63,Pas les moyens de donner plus,Do not report barrier,2018,gs1datot,155.740825849643,5.97004681733744,137.517472289008,173.964179410278,516,Total donation amount,Average Amount Donated by Donors Reporting Barriers,QC,
63,64,Pas les moyens de donner plus,Report barrier,2018,gs1datot,138.84921081044902,5.2851213171674,124.466310595519,153.232111025379,781,Total donation amount,Average Amount Donated by Donors Reporting Barriers,QC,
64,65,Aucune sollicitation,Do not report barrier,2018,gs1datot,250.26233759308602,5.96471543874076,221.00510008754398,279.519575098629,554,Total donation amount,Average Amount Donated by Donors Reporting Barriers,AB,
65,66,Aucune sollicitation,Report barrier,2018,gs1datot,258.670868066535,10.2443311494665,206.73358583242802,310.608150300642,173,Total donation amount,Average Amount Donated by Donors Reporting Barriers,AB,
66,67,Aucune sollicitation,Do not report barrier,2018,gs1datot,204.98602743940498,3.5102746660999196,190.88296431437197,219.089090564439,1875,Total donation amount,Average Amount Donated by Donors Reporting Barriers,AT,
67,68,Aucune sollicitation,Report barrier,2018,gs1datot,175.092661100347,6.2212882131155895,153.74273600678998,196.442586193905,648,Total donation amount,Average Amount Donated by Donors Reporting Barriers,AT,
68,69,Aucune sollicitation,Do not report barrier,2018,gs1datot,227.777521743136,4.75050222068501,206.569582043053,248.98546144321898,864,Total donation amount,Average Amount Donated by Donors Reporting Barriers,BC,
69,70,Aucune sollicitation,Report barrier,2018,gs1datot,221.69551316607001,8.98412550684517,182.658120334572,260.732905997568,274,Total donation amount,Average Amount Donated by Donors Reporting Barriers,BC,
70,71,Aucune sollicitation,Do not report barrier,2018,gs1datot,240.51876709822497,3.5994603541612404,223.550618672268,257.486915524181,1863,Total donation amount,Average Amount Donated by Donors Reporting Barriers,ON,
71,72,Aucune sollicitation,Report barrier,2018,gs1datot,192.05484535146198,6.33519842988009,168.207854681024,215.901836021901,599,Total donation amount,Average Amount Donated by Donors Reporting Barriers,ON,
72,73,Aucune sollicitation,Do not report barrier,2018,gs1datot,252.884231374927,4.93627953636317,228.417858732989,277.350604016865,850,Total donation amount,Average Amount Donated by Donors Reporting Barriers,PR,
73,74,Aucune sollicitation,Report barrier,2018,gs1datot,220.384688539729,8.299270398569531,184.536317684904,256.233059394555,338,Total donation amount,Average Amount Donated by Donors Reporting Barriers,PR,
74,75,Aucune sollicitation,Do not report barrier,2018,gs1datot,148.21196397504102,4.4101873724330405,135.400805760868,161.023122189215,1046,Total donation amount,Average Amount Donated by Donors Reporting Barriers,QC,
75,76,Aucune sollicitation,Report barrier,2018,gs1datot,132.393270191539,10.2583198710857,105.774362046895,159.01217833618298,220,Total donation amount,Average Amount Donated by Donors Reporting Barriers,QC,
76,77,Ne savent pas où donner,Do not report barrier,2018,gs1datot,257.231978887319,5.34860314874707,230.26617166365102,284.197786110987,661,Total donation amount,Average Amount Donated by Donors Reporting Barriers,AB,
77,78,Ne savent pas où donner,Report barrier,2018,gs1datot,212.652288326683,21.6684829642557,122.340039122382,302.964537530983,66,Total donation amount,Average Amount Donated by Donors Reporting Barriers,AB,*
78,79,Ne savent pas où donner,Do not report barrier,2018,gs1datot,202.33964842371498,3.16189540121922,189.800253487103,214.87904336032798,2252,Total donation amount,Average Amount Donated by Donors Reporting Barriers,AT,
79,80,Ne savent pas où donner,Report barrier,2018,gs1datot,161.50727483885902,10.7283524908878,127.54684218469102,195.467707493026,263,Total donation amount,Average Amount Donated by Donors Reporting Barriers,AT,
80,81,Ne savent pas où donner,Do not report barrier,2018,gs1datot,229.19248994234698,4.39087841178011,209.46826780410998,248.916712080584,1037,Total donation amount,Average Amount Donated by Donors Reporting Barriers,BC,
81,82,Ne savent pas où donner,Report barrier,2018,gs1datot,198.59574950818802,16.6285831288839,133.870566647565,263.320932368812,96,Total donation amount,Average Amount Donated by Donors Reporting Barriers,BC,*
82,83,Ne savent pas où donner,Do not report barrier,2018,gs1datot,232.038678307368,3.3109756782918596,216.98077636708,247.096580247656,2238,Total donation amount,Average Amount Donated by Donors Reporting Barriers,ON,
83,84,Ne savent pas où donner,Report barrier,2018,gs1datot,196.017063010574,10.7269000864696,154.805773468516,237.22835255263197,209,Total donation amount,Average Amount Donated by Donors Reporting Barriers,ON,
84,85,Ne savent pas où donner,Do not report barrier,2018,gs1datot,244.510216171987,4.35047912366723,223.661362098413,265.359070245561,1050,Total donation amount,Average Amount Donated by Donors Reporting Barriers,PR,
85,86,Ne savent pas où donner,Report barrier,2018,gs1datot,226.672892166727,12.100426483677401,172.914242129571,280.431542203883,134,Total donation amount,Average Amount Donated by Donors Reporting Barriers,PR,
86,87,Ne savent pas où donner,Do not report barrier,2018,gs1datot,152.472616761975,4.11236549419419,140.183189278802,164.762044245148,1139,Total donation amount,Average Amount Donated by Donors Reporting Barriers,QC,
87,88,Ne savent pas où donner,Report barrier,2018,gs1datot,93.7341693132344,14.157277221017498,67.7250430928491,119.74329553362,123,Total donation amount,Average Amount Donated by Donors Reporting Barriers,QC,
88,89,Difficulté à trouver une cause,Do not report barrier,2018,gs1datot,253.648049901778,5.400080310954291,226.802034345022,280.494065458534,664,Total donation amount,Average Amount Donated by Donors Reporting Barriers,AB,
89,90,Difficulté à trouver une cause,Report barrier,2018,gs1datot,232.904878455344,18.951562439856,146.393805752584,319.415951158104,63,Total donation amount,Average Amount Donated by Donors Reporting Barriers,AB,*
90,91,Difficulté à trouver une cause,Do not report barrier,2018,gs1datot,199.59370069865201,3.1892096113997,187.11762544027303,212.06977595703097,2321,Total donation amount,Average Amount Donated by Donors Reporting Barriers,AT,
91,92,Difficulté à trouver une cause,Report barrier,2018,gs1datot,173.42245914784698,11.1865303885164,135.399243903739,211.44567439195401,195,Total donation amount,Average Amount Donated by Donors Reporting Barriers,AT,
92,93,Difficulté à trouver une cause,Do not report barrier,2018,gs1datot,231.515506187076,4.52023796432547,211.004381554952,252.0266308192,1023,Total donation amount,Average Amount Donated by Donors Reporting Barriers,BC,
93,94,Difficulté à trouver une cause,Report barrier,2018,gs1datot,184.20061316965197,10.6210789479172,145.855696386743,222.545529952561,117,Total donation amount,Average Amount Donated by Donors Reporting Barriers,BC,
94,95,Difficulté à trouver une cause,Do not report barrier,2018,gs1datot,234.518167850528,3.24482343848392,219.603428980673,249.432906720382,2197,Total donation amount,Average Amount Donated by Donors Reporting Barriers,ON,
95,96,Difficulté à trouver une cause,Report barrier,2018,gs1datot,176.214596282228,9.25881754669725,144.237023486005,208.192169078451,249,Total donation amount,Average Amount Donated by Donors Reporting Barriers,ON,
96,97,Difficulté à trouver une cause,Do not report barrier,2018,gs1datot,253.65217279805,4.304118652178951,232.254284653617,275.050060942482,1045,Total donation amount,Average Amount Donated by Donors Reporting Barriers,PR,
97,98,Difficulté à trouver une cause,Report barrier,2018,gs1datot,177.70882935673802,11.6793991120665,137.029142930867,218.38851578260898,140,Total donation amount,Average Amount Donated by Donors Reporting Barriers,PR,
98,99,Difficulté à trouver une cause,Do not report barrier,2018,gs1datot,144.69002802315,4.09000934228114,133.091283256271,156.288772790029,1143,Total donation amount,Average Amount Donated by Donors Reporting Barriers,QC,
99,100,Difficulté à trouver une cause,Report barrier,2018,gs1datot,148.455525377566,17.0805791525125,98.75659412782021,198.15445662731202,118,Total donation amount,Average Amount Donated by Donors Reporting Barriers,QC,*
100,101,Don de temps,Do not report barrier,2018,gs1datot,253.750512356084,5.943615716177971,224.190423088376,283.310601623791,516,Total donation amount,Average Amount Donated by Donors Reporting Barriers,AB,
101,102,Don de temps,Report barrier,2018,gs1datot,247.596974205159,8.854351786257391,204.628473843768,290.56547456655,206,Total donation amount,Average Amount Donated by Donors Reporting Barriers,AB,
102,103,Don de temps,Do not report barrier,2018,gs1datot,196.276087386619,3.66437590744319,182.179450850179,210.372723923059,1844,Total donation amount,Average Amount Donated by Donors Reporting Barriers,AT,
103,104,Don de temps,Report barrier,2018,gs1datot,199.00209774100398,5.54900034140365,177.358946363522,220.645249118486,657,Total donation amount,Average Amount Donated by Donors Reporting Barriers,AT,
104,105,Don de temps,Do not report barrier,2018,gs1datot,226.47149682651101,5.06650630901198,203.98249243217302,248.960501220849,842,Total donation amount,Average Amount Donated by Donors Reporting Barriers,BC,
105,106,Don de temps,Report barrier,2018,gs1datot,229.641204159333,7.49315785445637,195.915363154958,263.367045163707,284,Total donation amount,Average Amount Donated by Donors Reporting Barriers,BC,
106,107,Don de temps,Do not report barrier,2018,gs1datot,228.209892620917,3.49904029921979,212.55927423514703,243.860511006687,1766,Total donation amount,Average Amount Donated by Donors Reporting Barriers,ON,
107,108,Don de temps,Report barrier,2018,gs1datot,223.39158455266602,6.2701518010226795,195.93838575506803,250.844783350263,680,Total donation amount,Average Amount Donated by Donors Reporting Barriers,ON,
108,109,Don de temps,Do not report barrier,2018,gs1datot,248.655516567199,4.998339119129481,224.295818115954,273.015215018444,797,Total donation amount,Average Amount Donated by Donors Reporting Barriers,PR,
109,110,Don de temps,Report barrier,2018,gs1datot,234.410906287918,6.9687908231388604,202.39370739964698,266.428105176189,383,Total donation amount,Average Amount Donated by Donors Reporting Barriers,PR,
110,111,Don de temps,Do not report barrier,2018,gs1datot,139.901770796554,4.89201323082146,126.487751537294,153.315790055814,877,Total donation amount,Average Amount Donated by Donors Reporting Barriers,QC,
111,112,Don de temps,Report barrier,2018,gs1datot,161.96031340445,7.11512099334127,139.374330805361,184.546296003539,385,Total donation amount,Average Amount Donated by Donors Reporting Barriers,QC,
112,113,Don direct,Do not report barrier,2018,gs1datot,254.842688365616,6.09766404309839,224.385924115216,285.299452616015,456,Total donation amount,Average Amount Donated by Donors Reporting Barriers,AB,
113,114,Don direct,Report barrier,2018,gs1datot,245.090639799142,8.367998610342429,204.893383035096,285.28789656318696,269,Total donation amount,Average Amount Donated by Donors Reporting Barriers,AB,
114,115,Don direct,Do not report barrier,2018,gs1datot,188.49436067261502,4.209159110733601,172.943952411544,204.044768933685,1389,Total donation amount,Average Amount Donated by Donors Reporting Barriers,AT,
115,116,Don direct,Report barrier,2018,gs1datot,207.49745129095902,4.38575586844704,189.661129015721,225.333773566197,1125,Total donation amount,Average Amount Donated by Donors Reporting Barriers,AT,
116,117,Don direct,Do not report barrier,2018,gs1datot,216.39773546956002,5.132957536293611,194.62723192756098,238.168239011558,722,Total donation amount,Average Amount Donated by Donors Reporting Barriers,BC,
117,118,Don direct,Report barrier,2018,gs1datot,244.64590129433398,6.834973202554059,211.872399208747,277.419403379921,417,Total donation amount,Average Amount Donated by Donors Reporting Barriers,BC,
118,119,Don direct,Do not report barrier,2018,gs1datot,212.71923313423198,3.98675640462727,196.097567171185,229.340899097278,1508,Total donation amount,Average Amount Donated by Donors Reporting Barriers,ON,
119,120,Don direct,Report barrier,2018,gs1datot,258.811186660319,4.76006697187366,234.665242157033,282.957131163604,945,Total donation amount,Average Amount Donated by Donors Reporting Barriers,ON,
120,121,Don direct,Do not report barrier,2018,gs1datot,227.83821777031503,5.739803404663251,202.206855831079,253.469579709551,655,Total donation amount,Average Amount Donated by Donors Reporting Barriers,PR,
121,122,Don direct,Report barrier,2018,gs1datot,264.945577157023,6.26756785899168,232.399113295005,297.492041019041,527,Total donation amount,Average Amount Donated by Donors Reporting Barriers,PR,
122,123,Don direct,Do not report barrier,2018,gs1datot,135.45092978768298,5.50086994118037,120.84727835392599,150.05458122144,694,Total donation amount,Average Amount Donated by Donors Reporting Barriers,QC,
123,124,Don direct,Report barrier,2018,gs1datot,159.92346603916,5.9706009156523505,141.20896175064,178.63797032768002,570,Total donation amount,Average Amount Donated by Donors Reporting Barriers,QC,
124,125,Crédit d'impôt insuffisant,Do not report barrier,2018,gs1datot,252.288456087561,5.62419974212015,224.478121992883,280.09879018224,597,Total donation amount,Average Amount Donated by Donors Reporting Barriers,AB,
125,126,Crédit d'impôt insuffisant,Report barrier,2018,gs1datot,256.49376341901797,10.972893669206501,201.33099272739497,311.65653411064096,131,Total donation amount,Average Amount Donated by Donors Reporting Barriers,AB,
126,127,Crédit d'impôt insuffisant,Do not report barrier,2018,gs1datot,198.033758313741,3.55162190875305,184.24852734513402,211.818989282349,2070,Total donation amount,Average Amount Donated by Donors Reporting Barriers,AT,
127,128,Crédit d'impôt insuffisant,Report barrier,2018,gs1datot,193.87745267655103,6.82449830627679,167.944848793628,219.810056559474,447,Total donation amount,Average Amount Donated by Donors Reporting Barriers,AT,
128,129,Crédit d'impôt insuffisant,Do not report barrier,2018,gs1datot,226.18569933297402,4.6524912876319995,205.560469220923,246.81092944502498,927,Total donation amount,Average Amount Donated by Donors Reporting Barriers,BC,
129,130,Crédit d'impôt insuffisant,Report barrier,2018,gs1datot,229.686276710659,10.0920872827686,184.254038090571,275.118515330747,203,Total donation amount,Average Amount Donated by Donors Reporting Barriers,BC,
130,131,Crédit d'impôt insuffisant,Do not report barrier,2018,gs1datot,226.325482805233,3.33647105444313,211.525237691862,241.125727918604,2027,Total donation amount,Average Amount Donated by Donors Reporting Barriers,ON,
131,132,Crédit d'impôt insuffisant,Report barrier,2018,gs1datot,238.14738331474499,8.21706281468976,199.793396737314,276.501369892175,413,Total donation amount,Average Amount Donated by Donors Reporting Barriers,ON,
132,133,Crédit d'impôt insuffisant,Do not report barrier,2018,gs1datot,242.51603493632498,4.66387507981843,220.347578255204,264.684491617445,934,Total donation amount,Average Amount Donated by Donors Reporting Barriers,PR,
133,134,Crédit d'impôt insuffisant,Report barrier,2018,gs1datot,250.19776982535,9.36993289865358,204.249622381593,296.14591726910703,253,Total donation amount,Average Amount Donated by Donors Reporting Barriers,PR,
134,135,Crédit d'impôt insuffisant,Do not report barrier,2018,gs1datot,143.058306992257,4.37933938059061,130.779115429806,155.337498554708,1045,Total donation amount,Average Amount Donated by Donors Reporting Barriers,QC,
135,136,Crédit d'impôt insuffisant,Report barrier,2018,gs1datot,161.848332849759,9.09942189516576,132.983428491765,190.713237207753,214,Total donation amount,Average Amount Donated by Donors Reporting Barriers,QC,
136,137,Utilisation non efficiente de l'argent,Do not report barrier,2018,gs1datot,244.530810858893,6.05996458983672,215.487122676678,273.574499041108,540,Total donation amount,Average Amount Donated by Donors Reporting Barriers,AB,
137,138,Utilisation non efficiente de l'argent,Report barrier,2018,gs1datot,278.55732014073396,9.758824674523051,225.277815020589,331.836825260879,179,Total donation amount,Average Amount Donated by Donors Reporting Barriers,AB,
138,139,Utilisation non efficiente de l'argent,Do not report barrier,2018,gs1datot,187.908665651871,3.45791108397152,175.173379098505,200.643952205237,1974,Total donation amount,Average Amount Donated by Donors Reporting Barriers,AT,
139,140,Utilisation non efficiente de l'argent,Report barrier,2018,gs1datot,230.24487465788897,6.81750559135927,199.47940387192799,261.01034544385,540,Total donation amount,Average Amount Donated by Donors Reporting Barriers,AT,
140,141,Utilisation non efficiente de l'argent,Do not report barrier,2018,gs1datot,219.69246697665199,5.17446779224723,197.41176114380102,241.97317280950298,852,Total donation amount,Average Amount Donated by Donors Reporting Barriers,BC,
141,142,Utilisation non efficiente de l'argent,Report barrier,2018,gs1datot,238.883002482615,8.20340167545916,200.47450509376597,277.29149987146303,287,Total donation amount,Average Amount Donated by Donors Reporting Barriers,BC,
142,143,Utilisation non efficiente de l'argent,Do not report barrier,2018,gs1datot,227.382061465577,3.66597689144084,211.04424497823,243.719877952924,1859,Total donation amount,Average Amount Donated by Donors Reporting Barriers,ON,
143,144,Utilisation non efficiente de l'argent,Report barrier,2018,gs1datot,230.564968188176,5.55771485714471,205.44970845041198,255.68022792594,595,Total donation amount,Average Amount Donated by Donors Reporting Barriers,ON,
144,145,Utilisation non efficiente de l'argent,Do not report barrier,2018,gs1datot,243.873759719218,4.90776959632656,220.41541680317502,267.332102635261,879,Total donation amount,Average Amount Donated by Donors Reporting Barriers,PR,
145,146,Utilisation non efficiente de l'argent,Report barrier,2018,gs1datot,243.829466445054,8.33439900439517,203.99962591848498,283.659306971624,303,Total donation amount,Average Amount Donated by Donors Reporting Barriers,PR,
146,147,Utilisation non efficiente de l'argent,Do not report barrier,2018,gs1datot,147.276033048277,4.32432849708802,134.793611465602,159.758454630952,996,Total donation amount,Average Amount Donated by Donors Reporting Barriers,QC,
147,148,Utilisation non efficiente de l'argent,Report barrier,2018,gs1datot,136.90517819416598,10.0681156012202,109.889482277936,163.920874110397,267,Total donation amount,Average Amount Donated by Donors Reporting Barriers,QC,
148,149,N'aimaient pas les méthodes de sollicitation,Do not report barrier,2018,gs1datot,239.515375669037,6.634182985204459,208.371766883488,270.658984454585,502,Total donation amount,Average Amount Donated by Donors Reporting Barriers,AB,
149,150,N'aimaient pas les méthodes de sollicitation,Report barrier,2018,gs1datot,281.60408824158696,7.42917028257212,240.59998112874402,322.60819535442903,221,Total donation amount,Average Amount Donated by Donors Reporting Barriers,AB,
150,151,N'aimaient pas les méthodes de sollicitation,Do not report barrier,2018,gs1datot,181.726717451803,3.73609991546382,168.41955817376999,195.03387672983501,1914,Total donation amount,Average Amount Donated by Donors Reporting Barriers,AT,
151,152,N'aimaient pas les méthodes de sollicitation,Report barrier,2018,gs1datot,253.99684514482,5.491514733718691,226.65873011668597,281.334960172955,603,Total donation amount,Average Amount Donated by Donors Reporting Barriers,AT,
152,153,N'aimaient pas les méthodes de sollicitation,Do not report barrier,2018,gs1datot,218.592054091566,5.21205415418035,196.261917398072,240.92219078506,792,Total donation amount,Average Amount Donated by Donors Reporting Barriers,BC,
153,154,N'aimaient pas les méthodes de sollicitation,Report barrier,2018,gs1datot,241.80746817182202,7.841463460464669,204.644112317474,278.97082402617,342,Total donation amount,Average Amount Donated by Donors Reporting Barriers,BC,
154,155,N'aimaient pas les méthodes de sollicitation,Do not report barrier,2018,gs1datot,218.11845833333402,3.70998991366248,202.258091080814,233.978825585853,1858,Total donation amount,Average Amount Donated by Donors Reporting Barriers,ON,
155,156,N'aimaient pas les méthodes de sollicitation,Report barrier,2018,gs1datot,265.79561477271,5.2307021995614695,238.54628044104598,293.044949104374,592,Total donation amount,Average Amount Donated by Donors Reporting Barriers,ON,
156,157,N'aimaient pas les méthodes de sollicitation,Do not report barrier,2018,gs1datot,229.954448286817,5.09891717247182,206.973504343798,252.935392229836,861,Total donation amount,Average Amount Donated by Donors Reporting Barriers,PR,
157,158,N'aimaient pas les méthodes de sollicitation,Report barrier,2018,gs1datot,287.72279491545896,6.36612173010642,251.822559198455,323.623030632463,319,Total donation amount,Average Amount Donated by Donors Reporting Barriers,PR,
158,159,N'aimaient pas les méthodes de sollicitation,Do not report barrier,2018,gs1datot,139.950355102347,4.37040724044385,127.96243050058001,151.938279704114,1097,Total donation amount,Average Amount Donated by Donors Reporting Barriers,QC,
159,160,N'aimaient pas les méthodes de sollicitation,Report barrier,2018,gs1datot,181.92653514587897,10.895485520038099,143.076561620282,220.776508671476,162,Total donation amount,Average Amount Donated by Donors Reporting Barriers,QC,
