,Group,Attribute,Year,QuestionNo.,Estimate,cv,CI Lower,CI Upper,Unweightedn,QuestionText,QuestionGroup,Region,Marker
0,Social services volunteer status,Non-social services volunteer,2018,nv_020,0.4047351839280875,2.5826666419454853,0.384247757652557,0.425222610203618,5147,Assez de temps déjà donné,Social services volunteers barriers to volunteering more,CA,
1,Social services volunteer status,Social services volunteer,2018,nv_020,0.4061436459020522,4.47050898205913,0.370557191010105,0.4417301007939995,1911,Assez de temps déjà donné,Social services volunteers barriers to volunteering more,CA,
2,Social services volunteer status,Non-social services volunteer,2018,nv_030,0.0566083134955091,9.26467002874334,0.046329138411011,0.0668874885800071,5098,Expérience bénévole passée insatisfaisante,Social services volunteers barriers to volunteering more,CA,
3,Social services volunteer status,Social services volunteer,2018,nv_030,0.0578706542647823,15.964127268708388,0.0397634389950204,0.0759778695345441,1889,Expérience bénévole passée insatisfaisante,Social services volunteers barriers to volunteering more,CA,
4,Social services volunteer status,Non-social services volunteer,2018,nv_040,0.257666801670756,3.650047295237688,0.2392334185495073,0.2761001847920048,5125,Aucune sollicitation,Social services volunteers barriers to volunteering more,CA,
5,Social services volunteer status,Social services volunteer,2018,nv_040,0.2408708403679965,6.187203589999115,0.2116611653187738,0.2700805154172192,1893,Aucune sollicitation,Social services volunteers barriers to volunteering more,CA,
6,Social services volunteer status,Non-social services volunteer,2018,nv_050,0.1430827673156948,6.774340355628813,0.1240850056599316,0.162080528971458,5098,Ne savaient pas comment s'engager plus,Social services volunteers barriers to volunteering more,CA,
7,Social services volunteer status,Social services volunteer,2018,nv_050,0.141263991162896,9.126775578470044,0.1159944745093374,0.1665335078164547,1881,Ne savaient pas comment s'engager plus,Social services volunteers barriers to volunteering more,CA,
8,Social services volunteer status,Non-social services volunteer,2018,nv_060,0.1656884492402599,4.448539908011124,0.1512421097966764,0.1801347886838434,5116,Problèmes de santé/handicap physique,Social services volunteers barriers to volunteering more,CA,
9,Social services volunteer status,Social services volunteer,2018,nv_060,0.1823213212094705,6.954184004236811,0.1574710159425622,0.2071716264763788,1892,Problèmes de santé/handicap physique,Social services volunteers barriers to volunteering more,CA,
10,Social services volunteer status,Non-social services volunteer,2018,nv_070,0.7408349685309494,1.258138592541783,0.7225666721549306,0.7591032649069682,5710,Manque de temps,Social services volunteers barriers to volunteering more,CA,
11,Social services volunteer status,Social services volunteer,2018,nv_070,0.739717763688354,1.858705355391872,0.7127698784417857,0.7666656489349222,2201,Manque de temps,Social services volunteers barriers to volunteering more,CA,
12,Social services volunteer status,Non-social services volunteer,2018,nv_080,0.1077752316001279,7.140470255915512,0.0926920183857269,0.122858444814529,5099,Coût financier du bénévolat,Social services volunteers barriers to volunteering more,CA,
13,Social services volunteer status,Social services volunteer,2018,nv_080,0.1077250762338284,10.071285140056512,0.0864608397704333,0.1289893126972235,1886,Coût financier du bénévolat,Social services volunteers barriers to volunteering more,CA,
14,Social services volunteer status,Non-social services volunteer,2018,nv_090,0.4325548779503556,2.4619149987243247,0.4116829599845656,0.4534267959161456,5118,Incapable de s'engager à long terme,Social services volunteers barriers to volunteering more,CA,
15,Social services volunteer status,Social services volunteer,2018,nv_090,0.4296791558105763,4.097771606238297,0.3951695398728486,0.464188771748304,1906,Incapable de s'engager à long terme,Social services volunteers barriers to volunteering more,CA,
16,Social services volunteer status,Non-social services volunteer,2018,nv_100,0.2021409642904345,3.86779754210336,0.186817175506941,0.217464753073928,5567,Préférence pour les dons d'argent,Social services volunteers barriers to volunteering more,CA,
17,Social services volunteer status,Social services volunteer,2018,nv_100,0.1801984550584747,6.748622011503194,0.1563635043385042,0.2040334057784452,2165,Préférence pour les dons d'argent,Social services volunteers barriers to volunteering more,CA,
18,Social services volunteer status,Non-social services volunteer,2018,nv_110,0.2378111019175245,3.787885728277256,0.2201557212772545,0.2554664825577946,5105,Aucun intérêt pour en faire plus,Social services volunteers barriers to volunteering more,CA,
19,Social services volunteer status,Social services volunteer,2018,nv_110,0.189087606779145,7.06068589440763,0.1629203589366412,0.2152548546216488,1894,Aucun intérêt pour en faire plus,Social services volunteers barriers to volunteering more,CA,
20,Social services volunteer status,Non-social services volunteer,2018,nv_120,0.1962149103637858,4.842933457990365,0.1775902398173622,0.2148395809102095,5079,Utilisation des compétences impossible,Social services volunteers barriers to volunteering more,CA,
21,Social services volunteer status,Social services volunteer,2018,nv_120,0.1701026702232774,7.539230095459681,0.1449672459560423,0.1952380944905125,1884,Utilisation des compétences impossible,Social services volunteers barriers to volunteering more,CA,
22,Social services volunteer status,Non-social services volunteer,2018,nv_130,0.1710326698062501,4.621512270867237,0.1555405346714158,0.1865248049410844,5080,Aucune sollicitation pour une contribution importante,Social services volunteers barriers to volunteering more,CA,
23,Social services volunteer status,Social services volunteer,2018,nv_130,0.1461468749823278,8.508882513218909,0.1217738097089365,0.1705199402557191,1888,Aucune sollicitation pour une contribution importante,Social services volunteers barriers to volunteering more,CA,
24,Social services volunteer status,Non-social services volunteer,2018,nv_020,0.3367123938323653,7.94471029671941,0.2842817417982682,0.3891430458664625,440,Assez de temps déjà donné,Social services volunteers barriers to volunteering more,AB,
25,Social services volunteer status,Social services volunteer,2018,nv_020,0.3771092893600211,13.710266560292665,0.2757738814181653,0.4784446973018768,171,Assez de temps déjà donné,Social services volunteers barriers to volunteering more,AB,
26,Social services volunteer status,Non-social services volunteer,2018,nv_020,0.3881590577622519,5.198467919179871,0.3486102692712785,0.4277078462532254,1206,Assez de temps déjà donné,Social services volunteers barriers to volunteering more,AT,
27,Social services volunteer status,Social services volunteer,2018,nv_020,0.3412955992958777,8.946670344083989,0.2814488983642376,0.4011423002275179,490,Assez de temps déjà donné,Social services volunteers barriers to volunteering more,AT,
28,Social services volunteer status,Non-social services volunteer,2018,nv_020,0.437713569314347,5.52990723259851,0.390272338592058,0.485154800036636,733,Assez de temps déjà donné,Social services volunteers barriers to volunteering more,BC,
29,Social services volunteer status,Social services volunteer,2018,nv_020,0.3774332647019464,9.927241653468306,0.30399593811048,0.4508705912934128,262,Assez de temps déjà donné,Social services volunteers barriers to volunteering more,BC,
30,Social services volunteer status,Non-social services volunteer,2018,nv_020,0.4004744737955896,4.854063388468735,0.3623741756775311,0.4385747719136482,1485,Assez de temps déjà donné,Social services volunteers barriers to volunteering more,ON,
31,Social services volunteer status,Social services volunteer,2018,nv_020,0.3924651916058657,7.885770971955226,0.3318064501817754,0.4531239330299559,503,Assez de temps déjà donné,Social services volunteers barriers to volunteering more,ON,
32,Social services volunteer status,Non-social services volunteer,2018,nv_020,0.3402533230342309,6.830066384797215,0.2947046854506707,0.3858019606177911,697,Assez de temps déjà donné,Social services volunteers barriers to volunteering more,PR,
33,Social services volunteer status,Social services volunteer,2018,nv_020,0.2969838224614315,13.203410762064127,0.2201297265055643,0.3738379184172987,230,Assez de temps déjà donné,Social services volunteers barriers to volunteering more,PR,
34,Social services volunteer status,Non-social services volunteer,2018,nv_020,0.4712634365337531,5.6444508008622565,0.4191279382308759,0.5233989348366304,586,Assez de temps déjà donné,Social services volunteers barriers to volunteering more,QC,
35,Social services volunteer status,Social services volunteer,2018,nv_020,0.5421652592758275,7.750705260335638,0.4598043754142137,0.6245261431374413,255,Assez de temps déjà donné,Social services volunteers barriers to volunteering more,QC,
36,Social services volunteer status,Non-social services volunteer,2018,nv_030,0.0648185820726679,23.871182823519742,0.034492133367367,0.0951450307779688,437,Expérience bénévole passée insatisfaisante,Social services volunteers barriers to volunteering more,AB,*
37,Social services volunteer status,Social services volunteer,2018,nv_030,0.1104759180315645,35.892718444414605,0.0327578381381769,0.1881939979249522,171,Expérience bénévole passée insatisfaisante,Social services volunteers barriers to volunteering more,AB,...
38,Social services volunteer status,Non-social services volunteer,2018,nv_030,0.0407124583482569,15.673653691118142,0.028205673895512,0.0532192428010019,1197,Expérience bénévole passée insatisfaisante,Social services volunteers barriers to volunteering more,AT,
39,Social services volunteer status,Social services volunteer,2018,nv_030,0.0682838470938754,29.40199042488073,0.0289340222082368,0.107633671979514,487,Expérience bénévole passée insatisfaisante,Social services volunteers barriers to volunteering more,AT,*
40,Social services volunteer status,Non-social services volunteer,2018,nv_030,0.0628492225912504,18.96629080262614,0.0394861259067843,0.0862123192757165,719,Expérience bénévole passée insatisfaisante,Social services volunteers barriers to volunteering more,BC,*
41,Social services volunteer status,Social services volunteer,2018,nv_030,0.0643713938305067,34.569726285216504,0.0207562865628222,0.1079865010981912,257,Expérience bénévole passée insatisfaisante,Social services volunteers barriers to volunteering more,BC,...
42,Social services volunteer status,Non-social services volunteer,2018,nv_030,0.0569994071538366,16.17837199611873,0.0389254500682793,0.0750733642393938,1468,Expérience bénévole passée insatisfaisante,Social services volunteers barriers to volunteering more,ON,
43,Social services volunteer status,Social services volunteer,2018,nv_030,0.0467568993898194,31.340538250151628,0.0180358538372806,0.0754779449423582,498,Expérience bénévole passée insatisfaisante,Social services volunteers barriers to volunteering more,ON,*
44,Social services volunteer status,Non-social services volunteer,2018,nv_030,0.0632852484740018,18.84544374294006,0.0399099616467296,0.0866605353012739,696,Expérience bénévole passée insatisfaisante,Social services volunteers barriers to volunteering more,PR,*
45,Social services volunteer status,Social services volunteer,2018,nv_030,0.0617253770231566,32.60702388949164,0.0222775573730534,0.1011731966732599,230,Expérience bénévole passée insatisfaisante,Social services volunteers barriers to volunteering more,PR,*
46,Social services volunteer status,Non-social services volunteer,2018,nv_030,0.048108659881528,22.657261125815463,0.0267448472545751,0.0694724725084809,581,Expérience bénévole passée insatisfaisante,Social services volunteers barriers to volunteering more,QC,*
47,Social services volunteer status,Social services volunteer,2018,nv_030,0.0340579213549497,36.47631956851935,0.0097091393633743,0.0584067033465251,246,Expérience bénévole passée insatisfaisante,Social services volunteers barriers to volunteering more,QC,...
48,Social services volunteer status,Non-social services volunteer,2018,nv_040,0.2268225761454498,12.145070919425196,0.1728299533318962,0.2808151989590033,439,Aucune sollicitation,Social services volunteers barriers to volunteering more,AB,
49,Social services volunteer status,Social services volunteer,2018,nv_040,0.2645325440045754,17.622994887435777,0.1731618518504981,0.3559032361586526,171,Aucune sollicitation,Social services volunteers barriers to volunteering more,AB,*
50,Social services volunteer status,Non-social services volunteer,2018,nv_040,0.2548041544286986,6.970994236358466,0.2199905236274052,0.2896177852299919,1206,Aucune sollicitation,Social services volunteers barriers to volunteering more,AT,
51,Social services volunteer status,Social services volunteer,2018,nv_040,0.2918410298245032,11.225045365604789,0.2276340051985604,0.356048054450446,488,Aucune sollicitation,Social services volunteers barriers to volunteering more,AT,
52,Social services volunteer status,Non-social services volunteer,2018,nv_040,0.2612167124460633,8.344614787661921,0.2184943418014225,0.303939083090704,723,Aucune sollicitation,Social services volunteers barriers to volunteering more,BC,
53,Social services volunteer status,Social services volunteer,2018,nv_040,0.2919513536900099,14.015713792968034,0.2117514577591381,0.3721512496208818,256,Aucune sollicitation,Social services volunteers barriers to volunteering more,BC,
54,Social services volunteer status,Non-social services volunteer,2018,nv_040,0.2634011925817532,6.551995781903562,0.2295760654840398,0.2972263196794666,1477,Aucune sollicitation,Social services volunteers barriers to volunteering more,ON,
55,Social services volunteer status,Social services volunteer,2018,nv_040,0.218481424095928,10.833838607768715,0.1720892238251244,0.2648736243667315,501,Aucune sollicitation,Social services volunteers barriers to volunteering more,ON,
56,Social services volunteer status,Non-social services volunteer,2018,nv_040,0.2595913423457646,9.167028671162242,0.2129504463487674,0.3062322383427617,696,Aucune sollicitation,Social services volunteers barriers to volunteering more,PR,
57,Social services volunteer status,Social services volunteer,2018,nv_040,0.2872559087625227,15.257489907152792,0.20135452632679,0.3731572911982554,231,Aucune sollicitation,Social services volunteers barriers to volunteering more,PR,
58,Social services volunteer status,Non-social services volunteer,2018,nv_040,0.2626627736297591,10.32455590216386,0.209510971125296,0.3158145761342222,584,Aucune sollicitation,Social services volunteers barriers to volunteering more,QC,
59,Social services volunteer status,Social services volunteer,2018,nv_040,0.191225688430905,18.782363447232356,0.1208302425286054,0.2616211343332046,246,Aucune sollicitation,Social services volunteers barriers to volunteering more,QC,*
60,Social services volunteer status,Non-social services volunteer,2018,nv_050,0.105160315518655,19.940325186998816,0.0640612253290553,0.1462594057082547,436,Ne savaient pas comment s'engager plus,Social services volunteers barriers to volunteering more,AB,*
61,Social services volunteer status,Social services volunteer,2018,nv_050,0.0978153374369214,32.80497236724266,0.0349234360540735,0.1607072388197694,170,Ne savaient pas comment s'engager plus,Social services volunteers barriers to volunteering more,AB,*
62,Social services volunteer status,Non-social services volunteer,2018,nv_050,0.1403137256682807,11.637582463503454,0.1083092277260173,0.1723182236105441,1197,Ne savaient pas comment s'engager plus,Social services volunteers barriers to volunteering more,AT,
63,Social services volunteer status,Social services volunteer,2018,nv_050,0.1886106868280954,14.01478544583462,0.1368022079882749,0.240419165667916,488,Ne savaient pas comment s'engager plus,Social services volunteers barriers to volunteering more,AT,
64,Social services volunteer status,Non-social services volunteer,2018,nv_050,0.1402645222851359,12.740519624252686,0.1052391250811554,0.1752899194891164,723,Ne savaient pas comment s'engager plus,Social services volunteers barriers to volunteering more,BC,
65,Social services volunteer status,Social services volunteer,2018,nv_050,0.2073108472766224,20.302051949733404,0.1248191855215155,0.2898025090317292,253,Ne savaient pas comment s'engager plus,Social services volunteers barriers to volunteering more,BC,*
66,Social services volunteer status,Non-social services volunteer,2018,nv_050,0.1615784283690694,10.336583183563736,0.1288437201241432,0.1943131366139957,1461,Ne savaient pas comment s'engager plus,Social services volunteers barriers to volunteering more,ON,
67,Social services volunteer status,Social services volunteer,2018,nv_050,0.1208985934870556,17.12182134805124,0.0803272582778056,0.1614699286963055,496,Ne savaient pas comment s'engager plus,Social services volunteers barriers to volunteering more,ON,*
68,Social services volunteer status,Non-social services volunteer,2018,nv_050,0.1432547369879914,13.3909755401382,0.1056563425713107,0.180853131404672,699,Ne savaient pas comment s'engager plus,Social services volunteers barriers to volunteering more,PR,
69,Social services volunteer status,Social services volunteer,2018,nv_050,0.2122293054405681,19.020205827692145,0.1331125158427613,0.2913460950383749,229,Ne savaient pas comment s'engager plus,Social services volunteers barriers to volunteering more,PR,*
70,Social services volunteer status,Non-social services volunteer,2018,nv_050,0.1288536153183594,19.227507861432745,0.0802948431440368,0.1774123874926821,582,Ne savaient pas comment s'engager plus,Social services volunteers barriers to volunteering more,QC,*
71,Social services volunteer status,Social services volunteer,2018,nv_050,0.1125699578819492,30.60054563465044,0.0450550366954239,0.1800848790684745,245,Ne savaient pas comment s'engager plus,Social services volunteers barriers to volunteering more,QC,*
72,Social services volunteer status,Non-social services volunteer,2018,nv_060,0.1259910522311052,14.986808213531347,0.0889829390427573,0.1629991654194531,437,Problèmes de santé/handicap physique,Social services volunteers barriers to volunteering more,AB,
73,Social services volunteer status,Social services volunteer,2018,nv_060,0.1604548331747292,20.241007497951387,0.0967997602382298,0.2241099061112285,170,Problèmes de santé/handicap physique,Social services volunteers barriers to volunteering more,AB,*
74,Social services volunteer status,Non-social services volunteer,2018,nv_060,0.2016305783673311,8.366596934122116,0.1685667350700245,0.2346944216646376,1205,Problèmes de santé/handicap physique,Social services volunteers barriers to volunteering more,AT,
75,Social services volunteer status,Social services volunteer,2018,nv_060,0.222927724509109,11.546534891484944,0.1724774136756985,0.2733780353425196,488,Problèmes de santé/handicap physique,Social services volunteers barriers to volunteering more,AT,
76,Social services volunteer status,Non-social services volunteer,2018,nv_060,0.1668745490156146,10.15268034327172,0.133668369707934,0.2000807283232952,726,Problèmes de santé/handicap physique,Social services volunteers barriers to volunteering more,BC,
77,Social services volunteer status,Social services volunteer,2018,nv_060,0.1870291269757494,16.76724923928958,0.1255653622622241,0.2484928916892746,252,Problèmes de santé/handicap physique,Social services volunteers barriers to volunteering more,BC,*
78,Social services volunteer status,Non-social services volunteer,2018,nv_060,0.1791335816531858,7.880620732230172,0.1514650872562767,0.2068020760500949,1467,Problèmes de santé/handicap physique,Social services volunteers barriers to volunteering more,ON,
79,Social services volunteer status,Social services volunteer,2018,nv_060,0.1998285638141256,11.961943586698306,0.1529787997611851,0.246678327867066,500,Problèmes de santé/handicap physique,Social services volunteers barriers to volunteering more,ON,
80,Social services volunteer status,Non-social services volunteer,2018,nv_060,0.1588085656785308,11.174411806770165,0.1240271955039594,0.1935899358531021,699,Problèmes de santé/handicap physique,Social services volunteers barriers to volunteering more,PR,
81,Social services volunteer status,Social services volunteer,2018,nv_060,0.2016158645893938,15.765960203770534,0.1393151225289079,0.2639166066498797,231,Problèmes de santé/handicap physique,Social services volunteers barriers to volunteering more,PR,
82,Social services volunteer status,Non-social services volunteer,2018,nv_060,0.1494908887372405,11.341683149503083,0.1162601248131564,0.1827216526613246,582,Problèmes de santé/handicap physique,Social services volunteers barriers to volunteering more,QC,
83,Social services volunteer status,Social services volunteer,2018,nv_060,0.1363180916698305,17.846256013189723,0.0886367236041403,0.1839994597355208,251,Problèmes de santé/handicap physique,Social services volunteers barriers to volunteering more,QC,*
84,Social services volunteer status,Non-social services volunteer,2018,nv_070,0.7356920324136743,3.5259982167109607,0.6848496103032329,0.7865344545241157,510,Manque de temps,Social services volunteers barriers to volunteering more,AB,
85,Social services volunteer status,Social services volunteer,2018,nv_070,0.7929013234017478,4.30500990054188,0.7259989710417754,0.8598036757617202,197,Manque de temps,Social services volunteers barriers to volunteering more,AB,
86,Social services volunteer status,Non-social services volunteer,2018,nv_070,0.7108947909572068,2.314699042119815,0.6786434367574368,0.7431461451569767,1338,Manque de temps,Social services volunteers barriers to volunteering more,AT,
87,Social services volunteer status,Social services volunteer,2018,nv_070,0.7351001774656727,3.511690944540395,0.6845047923087215,0.7856955626226239,567,Manque de temps,Social services volunteers barriers to volunteering more,AT,
88,Social services volunteer status,Non-social services volunteer,2018,nv_070,0.7534823585090216,2.6045046966981027,0.7150190777981462,0.7919456392198969,816,Manque de temps,Social services volunteers barriers to volunteering more,BC,
89,Social services volunteer status,Social services volunteer,2018,nv_070,0.7182939188647985,5.350799516691655,0.6429637467233001,0.7936240910062969,306,Manque de temps,Social services volunteers barriers to volunteering more,BC,
90,Social services volunteer status,Non-social services volunteer,2018,nv_070,0.7513146705128315,2.096222922681012,0.7204467462528859,0.7821825947727772,1635,Manque de temps,Social services volunteers barriers to volunteering more,ON,
91,Social services volunteer status,Social services volunteer,2018,nv_070,0.7561448960960582,2.987310541472216,0.7118724530953683,0.8004173390967481,584,Manque de temps,Social services volunteers barriers to volunteering more,ON,
92,Social services volunteer status,Non-social services volunteer,2018,nv_070,0.7164410076846693,3.245165624715922,0.6708724383198189,0.7620095770495198,762,Manque de temps,Social services volunteers barriers to volunteering more,PR,
93,Social services volunteer status,Social services volunteer,2018,nv_070,0.7614376281526173,4.0358566240798135,0.7012068942569181,0.8216683620483165,260,Manque de temps,Social services volunteers barriers to volunteering more,PR,
94,Social services volunteer status,Non-social services volunteer,2018,nv_070,0.7328767951431382,3.9058678234179807,0.6767724361963299,0.7889811540899465,649,Manque de temps,Social services volunteers barriers to volunteering more,QC,
95,Social services volunteer status,Social services volunteer,2018,nv_070,0.6837016747501479,5.969981969478899,0.6037020860414621,0.7637012634588336,287,Manque de temps,Social services volunteers barriers to volunteering more,QC,
96,Social services volunteer status,Non-social services volunteer,2018,nv_080,0.1159952037121548,21.62499458671121,0.0668315523361339,0.1651588550881756,437,Coût financier du bénévolat,Social services volunteers barriers to volunteering more,AB,*
97,Social services volunteer status,Social services volunteer,2018,nv_080,0.1787690538090493,26.990819059966864,0.0841983771756793,0.2733397304424192,170,Coût financier du bénévolat,Social services volunteers barriers to volunteering more,AB,*
98,Social services volunteer status,Non-social services volunteer,2018,nv_080,0.0996093962443804,12.545214056923337,0.0751172708210562,0.1241015216677047,1194,Coût financier du bénévolat,Social services volunteers barriers to volunteering more,AT,
99,Social services volunteer status,Social services volunteer,2018,nv_080,0.0719772673700742,18.173660397100367,0.0463391663803507,0.0976153683597977,488,Coût financier du bénévolat,Social services volunteers barriers to volunteering more,AT,*
100,Social services volunteer status,Non-social services volunteer,2018,nv_080,0.1171447296196612,13.81838036710851,0.085417804155098,0.1488716550842244,722,Coût financier du bénévolat,Social services volunteers barriers to volunteering more,BC,
101,Social services volunteer status,Social services volunteer,2018,nv_080,0.0862788133134988,22.846031295212292,0.0476454052306332,0.1249122213963645,251,Coût financier du bénévolat,Social services volunteers barriers to volunteering more,BC,*
102,Social services volunteer status,Non-social services volunteer,2018,nv_080,0.1233166475135028,11.391255594701647,0.0957844169961982,0.1508488780308073,1469,Coût financier du bénévolat,Social services volunteers barriers to volunteering more,ON,
103,Social services volunteer status,Social services volunteer,2018,nv_080,0.1074821253189982,17.04563325976059,0.0715736077112819,0.1433906429267145,501,Coût financier du bénévolat,Social services volunteers barriers to volunteering more,ON,*
104,Social services volunteer status,Non-social services volunteer,2018,nv_080,0.0846990793119925,15.090625127376178,0.0596475633791241,0.1097505952448609,698,Coût financier du bénévolat,Social services volunteers barriers to volunteering more,PR,
105,Social services volunteer status,Social services volunteer,2018,nv_080,0.078730745768749,26.7401893812594,0.037468112974353,0.1199933785631449,230,Coût financier du bénévolat,Social services volunteers barriers to volunteering more,PR,*
106,Social services volunteer status,Non-social services volunteer,2018,nv_080,0.0720084528099843,18.271970103665254,0.0462204952581409,0.0977964103618276,579,Coût financier du bénévolat,Social services volunteers barriers to volunteering more,QC,*
107,Social services volunteer status,Social services volunteer,2018,nv_080,0.1038008803645328,22.83429814343302,0.057345417114284,0.1502563436147816,246,Coût financier du bénévolat,Social services volunteers barriers to volunteering more,QC,*
108,Social services volunteer status,Non-social services volunteer,2018,nv_090,0.4366135315653799,7.467342896241136,0.3727119839074755,0.5005150792232843,440,Incapable de s'engager à long terme,Social services volunteers barriers to volunteering more,AB,
109,Social services volunteer status,Social services volunteer,2018,nv_090,0.5162693517852118,10.11038343494392,0.4139654820731031,0.6185732214973205,171,Incapable de s'engager à long terme,Social services volunteers barriers to volunteering more,AB,
110,Social services volunteer status,Non-social services volunteer,2018,nv_090,0.4270357729666472,4.589545517785086,0.388622436525731,0.4654491094075634,1201,Incapable de s'engager à long terme,Social services volunteers barriers to volunteering more,AT,
111,Social services volunteer status,Social services volunteer,2018,nv_090,0.4358348542496369,8.282145433712293,0.3650870603805045,0.5065826481187694,490,Incapable de s'engager à long terme,Social services volunteers barriers to volunteering more,AT,
112,Social services volunteer status,Non-social services volunteer,2018,nv_090,0.4434429354826497,5.735035810368486,0.3935978935628031,0.4932879774024962,726,Incapable de s'engager à long terme,Social services volunteers barriers to volunteering more,BC,
113,Social services volunteer status,Social services volunteer,2018,nv_090,0.3685232473472277,10.62657906867708,0.2917682858025879,0.4452782088918675,258,Incapable de s'engager à long terme,Social services volunteers barriers to volunteering more,BC,
114,Social services volunteer status,Non-social services volunteer,2018,nv_090,0.431105853710136,4.464583427568459,0.3933822691225532,0.4688294382977189,1465,Incapable de s'engager à long terme,Social services volunteers barriers to volunteering more,ON,
115,Social services volunteer status,Social services volunteer,2018,nv_090,0.4328412613239495,7.402400893959824,0.3700427503030953,0.4956397723448038,506,Incapable de s'engager à long terme,Social services volunteers barriers to volunteering more,ON,
116,Social services volunteer status,Non-social services volunteer,2018,nv_090,0.4878562781251442,5.3200617505123375,0.4369868725895672,0.5387256836607213,700,Incapable de s'engager à long terme,Social services volunteers barriers to volunteering more,PR,
117,Social services volunteer status,Social services volunteer,2018,nv_090,0.4408907511333772,10.230241908410065,0.3524881624117484,0.529293339855006,232,Incapable de s'engager à long terme,Social services volunteers barriers to volunteering more,PR,
118,Social services volunteer status,Non-social services volunteer,2018,nv_090,0.4004900365663562,7.177077720613376,0.3441538486481982,0.4568262244845141,586,Incapable de s'engager à long terme,Social services volunteers barriers to volunteering more,QC,
119,Social services volunteer status,Social services volunteer,2018,nv_090,0.4023043156835436,9.987751703267376,0.3235506967880407,0.4810579345790464,249,Incapable de s'engager à long terme,Social services volunteers barriers to volunteering more,QC,
120,Social services volunteer status,Non-social services volunteer,2018,nv_100,0.2000986803771832,10.74516659932065,0.1579576190669449,0.2422397416874216,494,Préférence pour les dons d'argent,Social services volunteers barriers to volunteering more,AB,
121,Social services volunteer status,Social services volunteer,2018,nv_100,0.2355317298247637,18.385125423939837,0.1506597936699071,0.3204036659796204,197,Préférence pour les dons d'argent,Social services volunteers barriers to volunteering more,AB,*
122,Social services volunteer status,Non-social services volunteer,2018,nv_100,0.2129433716593494,6.39923035109957,0.1862354581675808,0.2396512851511179,1309,Préférence pour les dons d'argent,Social services volunteers barriers to volunteering more,AT,
123,Social services volunteer status,Social services volunteer,2018,nv_100,0.1740256127139594,12.912795537618562,0.1299821417943752,0.2180690836335435,564,Préférence pour les dons d'argent,Social services volunteers barriers to volunteering more,AT,
124,Social services volunteer status,Non-social services volunteer,2018,nv_100,0.1931290577471888,9.165896578034344,0.1584337562905404,0.2278243592038371,780,Préférence pour les dons d'argent,Social services volunteers barriers to volunteering more,BC,
125,Social services volunteer status,Social services volunteer,2018,nv_100,0.1914291791470957,16.210417289292206,0.1306086180034222,0.2522497402907692,299,Préférence pour les dons d'argent,Social services volunteers barriers to volunteering more,BC,
126,Social services volunteer status,Non-social services volunteer,2018,nv_100,0.1902103314836338,7.361372941669766,0.1627667357021835,0.2176539272650841,1587,Préférence pour les dons d'argent,Social services volunteers barriers to volunteering more,ON,
127,Social services volunteer status,Social services volunteer,2018,nv_100,0.1500407538016374,12.910164856801408,0.1120752544497858,0.188006253153489,564,Préférence pour les dons d'argent,Social services volunteers barriers to volunteering more,ON,
128,Social services volunteer status,Non-social services volunteer,2018,nv_100,0.2134983946679089,8.96229005869458,0.175995766814602,0.2510010225212158,757,Préférence pour les dons d'argent,Social services volunteers barriers to volunteering more,PR,
129,Social services volunteer status,Social services volunteer,2018,nv_100,0.1831063507200717,15.812292607315165,0.1263589020483873,0.2398537993917562,258,Préférence pour les dons d'argent,Social services volunteers barriers to volunteering more,PR,
130,Social services volunteer status,Non-social services volunteer,2018,nv_100,0.2282861807858693,9.820176543084562,0.1843475004700576,0.272224861101681,640,Préférence pour les dons d'argent,Social services volunteers barriers to volunteering more,QC,
131,Social services volunteer status,Social services volunteer,2018,nv_100,0.1909844553530462,16.40855074504863,0.1295635327050041,0.2524053780010883,283,Préférence pour les dons d'argent,Social services volunteers barriers to volunteering more,QC,
132,Social services volunteer status,Non-social services volunteer,2018,nv_110,0.2155528168673621,11.204488383953157,0.1682165696567088,0.2628890640780154,437,Aucun intérêt pour en faire plus,Social services volunteers barriers to volunteering more,AB,
133,Social services volunteer status,Social services volunteer,2018,nv_110,0.1930236990316009,20.5306739971174,0.1153521561753581,0.2706952418878436,170,Aucun intérêt pour en faire plus,Social services volunteers barriers to volunteering more,AB,*
134,Social services volunteer status,Non-social services volunteer,2018,nv_110,0.2073295612485853,7.102817192006023,0.1784666617687508,0.2361924607284199,1200,Aucun intérêt pour en faire plus,Social services volunteers barriers to volunteering more,AT,
135,Social services volunteer status,Social services volunteer,2018,nv_110,0.2617055887675848,12.464725916137304,0.1977698303034364,0.3256413472317332,491,Aucun intérêt pour en faire plus,Social services volunteers barriers to volunteering more,AT,
136,Social services volunteer status,Non-social services volunteer,2018,nv_110,0.2708667015371684,8.402149476286734,0.2262606159160256,0.3154727871583112,725,Aucun intérêt pour en faire plus,Social services volunteers barriers to volunteering more,BC,
137,Social services volunteer status,Social services volunteer,2018,nv_110,0.1273400221426539,17.99706589096878,0.0824226108522417,0.172257433433066,253,Aucun intérêt pour en faire plus,Social services volunteers barriers to volunteering more,BC,*
138,Social services volunteer status,Non-social services volunteer,2018,nv_110,0.2249294466079326,7.077114423477663,0.1937297318758116,0.2561291613400535,1465,Aucun intérêt pour en faire plus,Social services volunteers barriers to volunteering more,ON,
139,Social services volunteer status,Social services volunteer,2018,nv_110,0.1507644053885365,14.811176913783422,0.1069984433151227,0.1945303674619504,502,Aucun intérêt pour en faire plus,Social services volunteers barriers to volunteering more,ON,
140,Social services volunteer status,Non-social services volunteer,2018,nv_110,0.2314033359012186,9.278014629892525,0.1893236238364211,0.2734830479660162,696,Aucun intérêt pour en faire plus,Social services volunteers barriers to volunteering more,PR,
141,Social services volunteer status,Social services volunteer,2018,nv_110,0.1687841220875096,17.394775189279823,0.1112403270467261,0.2263279171282931,230,Aucun intérêt pour en faire plus,Social services volunteers barriers to volunteering more,PR,*
142,Social services volunteer status,Non-social services volunteer,2018,nv_110,0.2715893972481837,8.888813516633503,0.2242737595975188,0.3189050348988485,582,Aucun intérêt pour en faire plus,Social services volunteers barriers to volunteering more,QC,
143,Social services volunteer status,Social services volunteer,2018,nv_110,0.2797177201136496,14.214615487345336,0.2017879873234073,0.357647452903892,248,Aucun intérêt pour en faire plus,Social services volunteers barriers to volunteering more,QC,
144,Social services volunteer status,Non-social services volunteer,2018,nv_120,0.1860866556356086,13.429310070278824,0.1371068538574515,0.2350664574137658,433,Utilisation des compétences impossible,Social services volunteers barriers to volunteering more,AB,
145,Social services volunteer status,Social services volunteer,2018,nv_120,0.2016478543906968,21.261791156044872,0.1176164650000269,0.2856792437813669,173,Utilisation des compétences impossible,Social services volunteers barriers to volunteering more,AB,*
146,Social services volunteer status,Non-social services volunteer,2018,nv_120,0.1868363601466002,8.878722515069803,0.1543231409252521,0.2193495793679483,1192,Utilisation des compétences impossible,Social services volunteers barriers to volunteering more,AT,
147,Social services volunteer status,Social services volunteer,2018,nv_120,0.1833035631795274,13.60583952882136,0.1344220836373263,0.2321850427217285,483,Utilisation des compétences impossible,Social services volunteers barriers to volunteering more,AT,
148,Social services volunteer status,Non-social services volunteer,2018,nv_120,0.2062130396809147,9.677148849334497,0.1671008945075147,0.2453251848543147,716,Utilisation des compétences impossible,Social services volunteers barriers to volunteering more,BC,
149,Social services volunteer status,Social services volunteer,2018,nv_120,0.2580863871682959,16.966401340987087,0.17226353859554,0.3439092357410517,254,Utilisation des compétences impossible,Social services volunteers barriers to volunteering more,BC,*
150,Social services volunteer status,Non-social services volunteer,2018,nv_120,0.2104355195608194,7.940451433519089,0.1776854421122193,0.2431855970094196,1464,Utilisation des compétences impossible,Social services volunteers barriers to volunteering more,ON,
151,Social services volunteer status,Social services volunteer,2018,nv_120,0.1332995380437517,15.265317447029355,0.0934170195377622,0.1731820565497411,498,Utilisation des compétences impossible,Social services volunteers barriers to volunteering more,ON,
152,Social services volunteer status,Non-social services volunteer,2018,nv_120,0.1552008206871643,10.845055274270518,0.1222114618978095,0.1881901794765192,695,Utilisation des compétences impossible,Social services volunteers barriers to volunteering more,PR,
153,Social services volunteer status,Social services volunteer,2018,nv_120,0.1916093923305819,18.762270574143,0.1211481527324975,0.2620706319286664,228,Utilisation des compétences impossible,Social services volunteers barriers to volunteering more,PR,*
154,Social services volunteer status,Non-social services volunteer,2018,nv_120,0.1846163224181866,13.109752599620824,0.1371798175611288,0.2320528272752443,579,Utilisation des compétences impossible,Social services volunteers barriers to volunteering more,QC,
155,Social services volunteer status,Social services volunteer,2018,nv_120,0.1436990566100942,24.09063681563808,0.0758489884364745,0.2115491247837139,248,Utilisation des compétences impossible,Social services volunteers barriers to volunteering more,QC,*
156,Social services volunteer status,Non-social services volunteer,2018,nv_130,0.1560979091778772,13.394019238587612,0.1151194055681508,0.1970764127876035,433,Aucune sollicitation pour une contribution importante,Social services volunteers barriers to volunteering more,AB,
157,Social services volunteer status,Social services volunteer,2018,nv_130,0.1897228495616691,22.017768914312143,0.1078497863815555,0.2715959127417828,171,Aucune sollicitation pour une contribution importante,Social services volunteers barriers to volunteering more,AB,*
158,Social services volunteer status,Non-social services volunteer,2018,nv_130,0.1727135554589631,9.412521488903408,0.1408510079287345,0.2045761029891916,1192,Aucune sollicitation pour une contribution importante,Social services volunteers barriers to volunteering more,AT,
159,Social services volunteer status,Social services volunteer,2018,nv_130,0.1411102593393443,16.06961541927682,0.0966663590752134,0.1855541596034753,486,Aucune sollicitation pour une contribution importante,Social services volunteers barriers to volunteering more,AT,
160,Social services volunteer status,Non-social services volunteer,2018,nv_130,0.215770974181303,9.60442893320689,0.1751535235976901,0.2563884247649158,722,Aucune sollicitation pour une contribution importante,Social services volunteers barriers to volunteering more,BC,
161,Social services volunteer status,Social services volunteer,2018,nv_130,0.2280944118919133,18.46053686529109,0.145565320541048,0.3106235032427786,253,Aucune sollicitation pour une contribution importante,Social services volunteers barriers to volunteering more,BC,*
162,Social services volunteer status,Non-social services volunteer,2018,nv_130,0.172839160320212,8.134573156004514,0.1452825999283762,0.2003957207120479,1457,Aucune sollicitation pour une contribution importante,Social services volunteers barriers to volunteering more,ON,
163,Social services volunteer status,Social services volunteer,2018,nv_130,0.1155422541038608,14.906151829570735,0.081785982899565,0.1492985253081567,502,Aucune sollicitation pour une contribution importante,Social services volunteers barriers to volunteering more,ON,
164,Social services volunteer status,Non-social services volunteer,2018,nv_130,0.1651980736506605,10.499454873907736,0.1312026998318994,0.1991934474694215,696,Aucune sollicitation pour une contribution importante,Social services volunteers barriers to volunteering more,PR,
165,Social services volunteer status,Social services volunteer,2018,nv_130,0.1721079038211097,18.5535300933007,0.109522154082419,0.2346936535598003,229,Aucune sollicitation pour une contribution importante,Social services volunteers barriers to volunteering more,PR,*
166,Social services volunteer status,Non-social services volunteer,2018,nv_130,0.1433445285841032,14.95056550138453,0.1013408978531677,0.1853481593150386,580,Aucune sollicitation pour une contribution importante,Social services volunteers barriers to volunteering more,QC,
167,Social services volunteer status,Social services volunteer,2018,nv_130,0.1105628849832273,29.60369065581976,0.0464119026710968,0.1747138672953577,247,Aucune sollicitation pour une contribution importante,Social services volunteers barriers to volunteering more,QC,*
