Group,Attribute,Year,QuestionNo.,Estimate,cv,CI Lower,CI Upper,Unweightedn,QuestionText,QuestionGroup,Region,Marker
Social services donor status,Non-social services donor,2018,flag_gs1dax01,0.018471067404146783,9.706239404070397,0.014957153769762857,0.021984981038530707,9739,Arts & culture,Social services donor donation rates to other causes,CA,
Social services donor status,Social services donor,2018,flag_gs1dax01,0.05561084278922329,7.788782520837764,0.04712143988525944,0.06410024569318715,6410,Arts & culture,Social services donor donation rates to other causes,CA,
Social services donor status,Non-social services donor,2018,flag_gs1dax02,0.07612153687772148,5.2097356566635655,0.06834884724106888,0.08389422651437409,9739,Sports & Recreation,Social services donor donation rates to other causes,CA,
Social services donor status,Social services donor,2018,flag_gs1dax02,0.1926983361466317,3.2946515754848167,0.18025503681451396,0.20514163547874945,6410,Sports & Recreation,Social services donor donation rates to other causes,CA,
Social services donor status,Non-social services donor,2018,flag_gs1dax03,0.07772627923534084,4.703524286200691,0.07056089703897454,0.08489166143170714,9739,Education & research,Social services donor donation rates to other causes,CA,
Social services donor status,Social services donor,2018,flag_gs1dax03,0.18932779326785187,4.104858220186388,0.17409566369624674,0.204559922839457,6410,Education & research,Social services donor donation rates to other causes,CA,
Social services donor status,Non-social services donor,2018,flag_gs1dax04,0.011363810949262872,12.032247720978255,0.008683909301429857,0.014043712597095886,9739,Universities & colleges,Social services donor donation rates to other causes,CA,
Social services donor status,Social services donor,2018,flag_gs1dax04,0.027378171509811425,9.230943136051252,0.022424826180594656,0.0323315168390282,6410,Universities & colleges,Social services donor donation rates to other causes,CA,
Social services donor status,Non-social services donor,2018,flag_gs1dax05,0.24048980155911975,2.5173997404752018,0.22862400390491824,0.2523555992133213,9739,Health,Social services donor donation rates to other causes,CA,
Social services donor status,Social services donor,2018,flag_gs1dax05,0.5287463985494979,1.8899232423983683,0.5091606723325451,0.5483321247664507,6410,Health,Social services donor donation rates to other causes,CA,
Social services donor status,Non-social services donor,2018,flag_gs1dax06,0.12953881344538185,3.5854205294763712,0.12043573874620413,0.13864188814455958,9739,Hospitals,Social services donor donation rates to other causes,CA,
Social services donor status,Social services donor,2018,flag_gs1dax06,0.25792784870975716,3.2779375279208414,0.24135691426444209,0.2744987831550722,6410,Hospitals,Social services donor donation rates to other causes,CA,
Social services donor status,Non-social services donor,2018,flag_gs1dax08,0.05241685969200066,6.027052492792097,0.046224957840269226,0.058608761543732096,9739,Environment,Social services donor donation rates to other causes,CA,
Social services donor status,Social services donor,2018,flag_gs1dax08,0.11742433017661567,4.7480871946310526,0.10649672819194178,0.12835193216128957,6410,Environment,Social services donor donation rates to other causes,CA,
Social services donor status,Non-social services donor,2018,flag_gs1dax09,0.01499806624448938,11.733358818309023,0.011548966844248552,0.018447165644730205,9739,Development & housing,Social services donor donation rates to other causes,CA,
Social services donor status,Social services donor,2018,flag_gs1dax09,0.03584179878394621,11.189208288306963,0.02798153272121895,0.043702064846673466,6410,Development & housing,Social services donor donation rates to other causes,CA,
Social services donor status,Non-social services donor,2018,flag_gs1dax10,0.019125835103237208,10.241398600995176,0.01528674975159224,0.022964920454882173,9739,"Law, advocacy & politics",Social services donor donation rates to other causes,CA,
Social services donor status,Social services donor,2018,flag_gs1dax10,0.054917352391488476,7.094790519883067,0.047280801339450104,0.06255390344352685,6410,"Law, advocacy & politics",Social services donor donation rates to other causes,CA,
Social services donor status,Non-social services donor,2018,flag_gs1dax11,0.08451672014491882,4.986473098181935,0.07625664104215527,0.09277679924768237,9739,"Grant-making, fundraising",Social services donor donation rates to other causes,CA,
Social services donor status,Social services donor,2018,flag_gs1dax11,0.16382369446903794,4.173488611198609,0.15042310077964063,0.17722428815843524,6410,"Grant-making, fundraising",Social services donor donation rates to other causes,CA,
Social services donor status,Non-social services donor,2018,flag_gs1dax12,0.05450739666953709,6.115487690611318,0.04797406618097947,0.061040727158094714,9739,International,Social services donor donation rates to other causes,CA,
Social services donor status,Social services donor,2018,flag_gs1dax12,0.14386446037854153,4.971141214757297,0.12984737520330283,0.15788154555378023,6410,International,Social services donor donation rates to other causes,CA,
Social services donor status,Non-social services donor,2018,flag_gs1dax13,0.18960755086651346,3.0958738070584872,0.1781025416908179,0.201112560042209,9739,Religion,Social services donor donation rates to other causes,CA,
Social services donor status,Social services donor,2018,flag_gs1dax13,0.3649531554886079,2.6503217821287475,0.345995535215748,0.3839107757614678,6410,Religion,Social services donor donation rates to other causes,CA,
Social services donor status,Non-social services donor,2018,flag_gs1dax14,0.002505176286110958,25.212212156554557,0.0012672427279546072,0.0037431098442673085,9739,Business & professional,Social services donor donation rates to other causes,CA,*
Social services donor status,Social services donor,2018,flag_gs1dax14,0.007219770114474513,20.125416338051984,0.004371925208645575,0.01006761502030345,6410,Business & professional,Social services donor donation rates to other causes,CA,*
Social services donor status,Non-social services donor,2018,flag_gs1dax15,0.015426584847432052,11.348114310781053,0.011995419990887034,0.018857749703977068,9739,Other,Social services donor donation rates to other causes,CA,
Social services donor status,Social services donor,2018,flag_gs1dax15,0.0377207049420909,11.604679992143357,0.02914122308033224,0.046300186803849556,6410,Other,Social services donor donation rates to other causes,CA,
Social services donor status,Non-social services donor,2018,flag_gs1dax01,0.020392263835447285,9.896322741314012,0.016436891400583922,0.024347636270310648,8512,Arts & culture,Social services donor donation rates to other causes,CA (without QC),
Social services donor status,Social services donor,2018,flag_gs1dax01,0.06289698585002754,8.129711311956852,0.052875016997323006,0.07291895470273208,5624,Arts & culture,Social services donor donation rates to other causes,CA (without QC),
Social services donor status,Non-social services donor,2018,flag_gs1dax02,0.07035306731257095,4.9954888649949165,0.06346481378635935,0.07724132083878255,8512,Sports & Recreation,Social services donor donation rates to other causes,CA (without QC),
Social services donor status,Social services donor,2018,flag_gs1dax02,0.19797960351565796,3.4985163959266945,0.1844042091477105,0.21155499788360543,5624,Sports & Recreation,Social services donor donation rates to other causes,CA (without QC),
Social services donor status,Non-social services donor,2018,flag_gs1dax03,0.08151626609429188,4.846038451871551,0.07377380155156878,0.08925873063701499,8512,Education & research,Social services donor donation rates to other causes,CA (without QC),
Social services donor status,Social services donor,2018,flag_gs1dax03,0.2000575520013721,4.224134146641138,0.18349448559782902,0.21662061840491517,5624,Education & research,Social services donor donation rates to other causes,CA (without QC),
Social services donor status,Non-social services donor,2018,flag_gs1dax04,0.010376089199166804,13.702328942418424,0.007589479292798645,0.013162699105534963,8512,Universities & colleges,Social services donor donation rates to other causes,CA (without QC),
Social services donor status,Social services donor,2018,flag_gs1dax04,0.026319460082853317,10.407010369740211,0.020950983609119945,0.031687936556586686,5624,Universities & colleges,Social services donor donation rates to other causes,CA (without QC),
Social services donor status,Non-social services donor,2018,flag_gs1dax05,0.24082835346218456,2.674034034591563,0.22820651440811138,0.2534501925162577,8512,Health,Social services donor donation rates to other causes,CA (without QC),
Social services donor status,Social services donor,2018,flag_gs1dax05,0.5351182994647083,2.1538541356894965,0.5125284060241793,0.5577081929052374,5624,Health,Social services donor donation rates to other causes,CA (without QC),
Social services donor status,Non-social services donor,2018,flag_gs1dax06,0.1151222103353392,4.523280400184921,0.10491608914099554,0.12532833152968287,8512,Hospitals,Social services donor donation rates to other causes,CA (without QC),
Social services donor status,Social services donor,2018,flag_gs1dax06,0.22861664078891158,3.792078688484231,0.21162508010774142,0.24560820147008175,5624,Hospitals,Social services donor donation rates to other causes,CA (without QC),
Social services donor status,Non-social services donor,2018,flag_gs1dax08,0.05627368784421955,6.443969293515864,0.04916635048219073,0.06338102520624837,8512,Environment,Social services donor donation rates to other causes,CA (without QC),
Social services donor status,Social services donor,2018,flag_gs1dax08,0.1284907910929561,5.039528797290636,0.11579937668372714,0.14118220550218508,5624,Environment,Social services donor donation rates to other causes,CA (without QC),
Social services donor status,Non-social services donor,2018,flag_gs1dax09,0.013605701342290645,10.80091793670198,0.010725454620553184,0.016485948064028106,8512,Development & housing,Social services donor donation rates to other causes,CA (without QC),
Social services donor status,Social services donor,2018,flag_gs1dax09,0.04033776567487376,12.388079285710672,0.03054367983478685,0.05013185151496066,5624,Development & housing,Social services donor donation rates to other causes,CA (without QC),
Social services donor status,Non-social services donor,2018,flag_gs1dax10,0.019883446658107228,10.4919200453946,0.015794657353701703,0.02397223596251275,8512,"Law, advocacy & politics",Social services donor donation rates to other causes,CA (without QC),
Social services donor status,Social services donor,2018,flag_gs1dax10,0.060822077348577384,6.815437787156352,0.052697456591738814,0.06894669810541595,5624,"Law, advocacy & politics",Social services donor donation rates to other causes,CA (without QC),
Social services donor status,Non-social services donor,2018,flag_gs1dax11,0.0867921239062766,5.751000745746688,0.07700912891593382,0.09657511889661936,8512,"Grant-making, fundraising",Social services donor donation rates to other causes,CA (without QC),
Social services donor status,Social services donor,2018,flag_gs1dax11,0.16243237171561453,4.503202444450928,0.14809590443039872,0.17676883900083035,5624,"Grant-making, fundraising",Social services donor donation rates to other causes,CA (without QC),
Social services donor status,Non-social services donor,2018,flag_gs1dax12,0.05803722490539957,6.341344041380218,0.05082389085203201,0.06525055895876714,8512,International,Social services donor donation rates to other causes,CA (without QC),
Social services donor status,Social services donor,2018,flag_gs1dax12,0.1586740071232201,5.274960475110469,0.14226912589865476,0.17507888834778546,5624,International,Social services donor donation rates to other causes,CA (without QC),
Social services donor status,Non-social services donor,2018,flag_gs1dax13,0.19074031887726153,3.5178318820304937,0.17758910998952374,0.20389152776499933,8512,Religion,Social services donor donation rates to other causes,CA (without QC),
Social services donor status,Social services donor,2018,flag_gs1dax13,0.36157837144333355,2.833072254922062,0.34150093839618273,0.38165580449048436,5624,Religion,Social services donor donation rates to other causes,CA (without QC),
Social services donor status,Non-social services donor,2018,flag_gs1dax14,0.0032442001172862103,25.253645139967297,0.0016384432048987551,0.004849957029673666,8512,Business & professional,Social services donor donation rates to other causes,CA (without QC),*
Social services donor status,Social services donor,2018,flag_gs1dax14,0.007981027634118192,22.858053665540144,0.00440545048124484,0.011556604786991543,5624,Business & professional,Social services donor donation rates to other causes,CA (without QC),*
Social services donor status,Non-social services donor,2018,flag_gs1dax15,0.017044137654233488,11.733822452928667,0.0131243491346691,0.020963926173797876,8512,Other,Social services donor donation rates to other causes,CA (without QC),
Social services donor status,Social services donor,2018,flag_gs1dax15,0.03814181635137541,12.682931124174553,0.02866048999335959,0.047623142709391234,5624,Other,Social services donor donation rates to other causes,CA (without QC),
Social services donor status,Non-social services donor,2018,flag_gs1dax01,0.023478098794219665,31.269589959823236,0.009089012964210183,0.037867184624229146,891,Arts & culture,Social services donor donation rates to other causes,AB,*
Social services donor status,Social services donor,2018,flag_gs1dax01,0.06141329667883047,19.264041855494625,0.038225583739310544,0.0846010096183504,521,Arts & culture,Social services donor donation rates to other causes,AB,*
Social services donor status,Non-social services donor,2018,flag_gs1dax01,0.026870455587972915,17.03727956547164,0.017897750974039343,0.03584316020190649,2245,Arts & culture,Social services donor donation rates to other causes,AT,*
Social services donor status,Social services donor,2018,flag_gs1dax01,0.0604827716403898,15.500700461418104,0.042107612899477065,0.07885793038130254,1803,Arts & culture,Social services donor donation rates to other causes,AT,
Social services donor status,Non-social services donor,2018,flag_gs1dax01,0.02321480886850809,22.050330721280698,0.013181866651197704,0.03324775108581847,1344,Arts & culture,Social services donor donation rates to other causes,BC,*
Social services donor status,Social services donor,2018,flag_gs1dax01,0.06871101329554447,21.541401647016873,0.03970096828625694,0.09772105830483199,833,Arts & culture,Social services donor donation rates to other causes,BC,*
Social services donor status,Non-social services donor,2018,flag_gs1dax01,0.019297439515588887,13.58780276406662,0.014158221832664287,0.024436657198513487,2666,Arts & culture,Social services donor donation rates to other causes,ON,
Social services donor status,Social services donor,2018,flag_gs1dax01,0.06130202026355402,13.475313963878657,0.045111463968731884,0.07749257655837616,1680,Arts & culture,Social services donor donation rates to other causes,ON,
Social services donor status,Non-social services donor,2018,flag_gs1dax01,0.010156093651020479,24.5559914540486,0.005268081672578968,0.015044105629461988,1366,Arts & culture,Social services donor donation rates to other causes,PR,*
Social services donor status,Social services donor,2018,flag_gs1dax01,0.06539972889624787,15.53598179866176,0.0454855344746851,0.08531392331781065,787,Arts & culture,Social services donor donation rates to other causes,PR,
Social services donor status,Non-social services donor,2018,flag_gs1dax01,0.01195850916498808,29.249943215296987,0.005102835147217815,0.018814183182758345,1227,Arts & culture,Social services donor donation rates to other causes,QC,*
Social services donor status,Social services donor,2018,flag_gs1dax01,0.03141892522340221,24.47963710606945,0.016344374027368217,0.0464934764194362,786,Arts & culture,Social services donor donation rates to other causes,QC,*
Social services donor status,Non-social services donor,2018,flag_gs1dax02,0.06700220406140289,15.085923695703604,0.04719108139900015,0.08681332672380564,891,Sports & Recreation,Social services donor donation rates to other causes,AB,
Social services donor status,Social services donor,2018,flag_gs1dax02,0.22280826285449815,10.364232932866866,0.17754805451913735,0.26806847118985894,521,Sports & Recreation,Social services donor donation rates to other causes,AB,
Social services donor status,Non-social services donor,2018,flag_gs1dax02,0.14198684947779824,7.761100583287196,0.12038855164097766,0.16358514731461885,2245,Sports & Recreation,Social services donor donation rates to other causes,AT,
Social services donor status,Social services donor,2018,flag_gs1dax02,0.2647312576643027,4.7698513353165755,0.23998222908161318,0.2894802862469923,1803,Sports & Recreation,Social services donor donation rates to other causes,AT,
Social services donor status,Non-social services donor,2018,flag_gs1dax02,0.056339475515421726,12.415632586233672,0.04262971896927321,0.07004923206157024,1344,Sports & Recreation,Social services donor donation rates to other causes,BC,
Social services donor status,Social services donor,2018,flag_gs1dax02,0.1900788083818963,8.988396114638478,0.15659275270172923,0.22356486406206338,833,Sports & Recreation,Social services donor donation rates to other causes,BC,
Social services donor status,Non-social services donor,2018,flag_gs1dax02,0.05852070973051475,9.237916508569516,0.047924959595438216,0.06911645986559128,2666,Sports & Recreation,Social services donor donation rates to other causes,ON,
Social services donor status,Social services donor,2018,flag_gs1dax02,0.17450067151150747,6.476609667686235,0.15234969292028486,0.19665165010273009,1680,Sports & Recreation,Social services donor donation rates to other causes,ON,
Social services donor status,Non-social services donor,2018,flag_gs1dax02,0.11015592043536222,9.00588067099584,0.09071207666408582,0.12959976420663863,1366,Sports & Recreation,Social services donor donation rates to other causes,PR,
Social services donor status,Social services donor,2018,flag_gs1dax02,0.22981415453349982,7.966539599489169,0.1939306720857874,0.26569763698121224,787,Sports & Recreation,Social services donor donation rates to other causes,PR,
Social services donor status,Non-social services donor,2018,flag_gs1dax02,0.09567575495860085,12.957853538810543,0.07137705402975104,0.11997445588745066,1227,Sports & Recreation,Social services donor donation rates to other causes,QC,
Social services donor status,Social services donor,2018,flag_gs1dax02,0.17516313490664384,9.521920061812525,0.14247310398486335,0.20785316582842434,786,Sports & Recreation,Social services donor donation rates to other causes,QC,
Social services donor status,Non-social services donor,2018,flag_gs1dax03,0.08278541764350017,13.1858305648323,0.061390558776669595,0.10418027651033074,891,Education & research,Social services donor donation rates to other causes,AB,
Social services donor status,Social services donor,2018,flag_gs1dax03,0.20131578975872583,11.425905413258256,0.15623240082101947,0.2463991786964322,521,Education & research,Social services donor donation rates to other causes,AB,
Social services donor status,Non-social services donor,2018,flag_gs1dax03,0.09366111899505387,8.127100075626673,0.07874200471186493,0.10858023327824282,2245,Education & research,Social services donor donation rates to other causes,AT,
Social services donor status,Social services donor,2018,flag_gs1dax03,0.23434619441479837,5.774042631667905,0.20782543337340537,0.2608669554561914,1803,Education & research,Social services donor donation rates to other causes,AT,
Social services donor status,Non-social services donor,2018,flag_gs1dax03,0.06251905419247764,12.937444731529885,0.04666614405643341,0.07837196432852186,1344,Education & research,Social services donor donation rates to other causes,BC,
Social services donor status,Social services donor,2018,flag_gs1dax03,0.20727723978503726,10.249434778153766,0.16563830374093735,0.24891617582913717,833,Education & research,Social services donor donation rates to other causes,BC,
Social services donor status,Non-social services donor,2018,flag_gs1dax03,0.08305934310569234,7.702852771001632,0.07051961326289952,0.09559907294848516,2666,Education & research,Social services donor donation rates to other causes,ON,
Social services donor status,Social services donor,2018,flag_gs1dax03,0.18623136828005554,6.773351709210056,0.1615081756725638,0.2109545608875473,1680,Education & research,Social services donor donation rates to other causes,ON,
Social services donor status,Non-social services donor,2018,flag_gs1dax03,0.09685038171178838,10.395997689768361,0.0771163599829647,0.11658440344061205,1366,Education & research,Social services donor donation rates to other causes,PR,
Social services donor status,Social services donor,2018,flag_gs1dax03,0.22259401087773037,8.137699647210319,0.1870911604686253,0.25809686128683546,787,Education & research,Social services donor donation rates to other causes,PR,
Social services donor status,Non-social services donor,2018,flag_gs1dax03,0.06487881098980769,12.959871693328903,0.048399020920926517,0.08135860105868886,1227,Education & research,Social services donor donation rates to other causes,QC,
Social services donor status,Social services donor,2018,flag_gs1dax03,0.1537021629973122,10.778575766672477,0.12123162763837077,0.18617269835625366,786,Education & research,Social services donor donation rates to other causes,QC,
Social services donor status,Non-social services donor,2018,flag_gs1dax04,0.006889625382881335,46.6021210380161,5.967463605422926e-4,0.013182504405220377,891,Universities & colleges,Social services donor donation rates to other causes,AB,...
Social services donor status,Social services donor,2018,flag_gs1dax04,0.02307852417966078,39.00183689094121,0.005436793576077431,0.04072025478324413,521,Universities & colleges,Social services donor donation rates to other causes,AB,...
Social services donor status,Non-social services donor,2018,flag_gs1dax04,0.007510337355910778,22.83486927653987,0.00414904671534928,0.010871627996472276,2245,Universities & colleges,Social services donor donation rates to other causes,AT,*
Social services donor status,Social services donor,2018,flag_gs1dax04,0.03238626338164667,14.931068374590797,0.02290863188475178,0.04186389487854156,1803,Universities & colleges,Social services donor donation rates to other causes,AT,
Social services donor status,Non-social services donor,2018,flag_gs1dax04,0.009381086872701594,28.499296128028067,0.004141037454966203,0.014621136290436983,1344,Universities & colleges,Social services donor donation rates to other causes,BC,*
Social services donor status,Social services donor,2018,flag_gs1dax04,0.0329606923434846,21.51876545340321,0.0190591890002286,0.046862195686740604,833,Universities & colleges,Social services donor donation rates to other causes,BC,*
Social services donor status,Non-social services donor,2018,flag_gs1dax04,0.012687747561373081,18.706402976233647,0.008035927513850889,0.017339567608895275,2666,Universities & colleges,Social services donor donation rates to other causes,ON,*
Social services donor status,Social services donor,2018,flag_gs1dax04,0.02407833704705527,16.704060698507032,0.016195244233756196,0.03196142986035434,1680,Universities & colleges,Social services donor donation rates to other causes,ON,*
Social services donor status,Non-social services donor,2018,flag_gs1dax04,0.0072726775908998256,36.3738267951019,0.0020878846098892423,0.01245747057191041,1366,Universities & colleges,Social services donor donation rates to other causes,PR,...
Social services donor status,Social services donor,2018,flag_gs1dax04,0.023392257158363856,26.55119326212983,0.011219070970903522,0.03556544334582419,787,Universities & colleges,Social services donor donation rates to other causes,PR,*
Social services donor status,Non-social services donor,2018,flag_gs1dax04,0.014712034648195104,23.809921734374367,0.007846429894483975,0.021577639401906233,1227,Universities & colleges,Social services donor donation rates to other causes,QC,*
Social services donor status,Social services donor,2018,flag_gs1dax04,0.030893372810859777,19.012656273338646,0.01938122881690546,0.042405516804814095,786,Universities & colleges,Social services donor donation rates to other causes,QC,*
Social services donor status,Non-social services donor,2018,flag_gs1dax05,0.26133578159389137,7.516206483651616,0.2228371165867816,0.29983444660100117,891,Health,Social services donor donation rates to other causes,AB,
Social services donor status,Social services donor,2018,flag_gs1dax05,0.4829983901068271,5.9494330876455646,0.4266775196087867,0.5393192606048676,521,Health,Social services donor donation rates to other causes,AB,
Social services donor status,Non-social services donor,2018,flag_gs1dax05,0.2783603733930387,4.494680319185146,0.2538384625153434,0.302882284270734,2245,Health,Social services donor donation rates to other causes,AT,
Social services donor status,Social services donor,2018,flag_gs1dax05,0.554237500551194,3.2180169823358686,0.5192806473985632,0.5891943537038249,1803,Health,Social services donor donation rates to other causes,AT,
Social services donor status,Non-social services donor,2018,flag_gs1dax05,0.19075142768747802,6.812437125139911,0.16528204639196434,0.2162208089829917,1344,Health,Social services donor donation rates to other causes,BC,
Social services donor status,Social services donor,2018,flag_gs1dax05,0.47940817021038473,5.115360578693509,0.4313430785959952,0.5274732618247743,833,Health,Social services donor donation rates to other causes,BC,
Social services donor status,Non-social services donor,2018,flag_gs1dax05,0.24116754097025217,3.9906966182901753,0.22230432838482894,0.2600307535556754,2666,Health,Social services donor donation rates to other causes,ON,
Social services donor status,Social services donor,2018,flag_gs1dax05,0.5575628767479882,3.29499638844937,0.5215550521740988,0.5935707013218776,1680,Health,Social services donor donation rates to other causes,ON,
Social services donor status,Non-social services donor,2018,flag_gs1dax05,0.26851299744731066,5.645479752795585,0.2388022034673098,0.29822379142731154,1366,Health,Social services donor donation rates to other causes,PR,
Social services donor status,Social services donor,2018,flag_gs1dax05,0.5900583473298422,4.059949990729633,0.5431053054361332,0.6370113892235512,787,Health,Social services donor donation rates to other causes,PR,
Social services donor status,Non-social services donor,2018,flag_gs1dax05,0.23934216306168873,6.420363029879447,0.20922411042397535,0.26946021569940215,1227,Health,Social services donor donation rates to other causes,QC,
Social services donor status,Social services donor,2018,flag_gs1dax05,0.5075900061493005,4.776116201845978,0.4600744257708946,0.5551055865277064,786,Health,Social services donor donation rates to other causes,QC,
Social services donor status,Non-social services donor,2018,flag_gs1dax06,0.07925725722860795,12.909996165681727,0.059202692359009025,0.09931182209820688,891,Hospitals,Social services donor donation rates to other causes,AB,
Social services donor status,Social services donor,2018,flag_gs1dax06,0.1561145396638352,12.022993673356044,0.11932671885623225,0.19290236047143816,521,Hospitals,Social services donor donation rates to other causes,AB,
Social services donor status,Non-social services donor,2018,flag_gs1dax06,0.1608879034096215,6.441936316631076,0.14057425597804996,0.18120155084119305,2245,Hospitals,Social services donor donation rates to other causes,AT,
Social services donor status,Social services donor,2018,flag_gs1dax06,0.32297187399324856,4.949855197775661,0.29163863517871624,0.3543051128077809,1803,Hospitals,Social services donor donation rates to other causes,AT,
Social services donor status,Non-social services donor,2018,flag_gs1dax06,0.08724571955609245,11.738853302775288,0.06717246023170567,0.10731897888047923,1344,Hospitals,Social services donor donation rates to other causes,BC,
Social services donor status,Social services donor,2018,flag_gs1dax06,0.1699084303768675,9.749226740770116,0.13744210103116672,0.2023747597225683,833,Hospitals,Social services donor donation rates to other causes,BC,
Social services donor status,Non-social services donor,2018,flag_gs1dax06,0.13410139413870445,6.549995913968681,0.11688578424553515,0.15131700403187373,2666,Hospitals,Social services donor donation rates to other causes,ON,
Social services donor status,Social services donor,2018,flag_gs1dax06,0.2640585319294345,5.793833415640565,0.23407282447280664,0.2940442393860624,1680,Hospitals,Social services donor donation rates to other causes,ON,
Social services donor status,Non-social services donor,2018,flag_gs1dax06,0.07943615049604384,10.943726203475546,0.062397644947273886,0.0964746560448138,1366,Hospitals,Social services donor donation rates to other causes,PR,
Social services donor status,Social services donor,2018,flag_gs1dax06,0.15336810067550286,10.565761103248226,0.12160785032139299,0.18512835102961273,787,Hospitals,Social services donor donation rates to other causes,PR,
Social services donor status,Non-social services donor,2018,flag_gs1dax06,0.17840886433415717,7.594447527828145,0.15185298384343043,0.20496474482488392,1227,Hospitals,Social services donor donation rates to other causes,QC,
Social services donor status,Social services donor,2018,flag_gs1dax06,0.3552487933931394,6.282163288402468,0.31150767097046633,0.3989899158158125,786,Hospitals,Social services donor donation rates to other causes,QC,
Social services donor status,Non-social services donor,2018,flag_gs1dax08,0.048741118282695776,18.761573412852677,0.030818030279543093,0.06666420628584846,891,Environment,Social services donor donation rates to other causes,AB,*
Social services donor status,Social services donor,2018,flag_gs1dax08,0.10075840519649415,15.431666951119707,0.07028351022037276,0.13123330017261553,521,Environment,Social services donor donation rates to other causes,AB,
Social services donor status,Non-social services donor,2018,flag_gs1dax08,0.05897444734727268,9.630076777949945,0.04784325415384675,0.07010564054069861,2245,Environment,Social services donor donation rates to other causes,AT,
Social services donor status,Social services donor,2018,flag_gs1dax08,0.13309726590574453,8.931914111916276,0.10979695244936012,0.15639757936212895,1803,Environment,Social services donor donation rates to other causes,AT,
Social services donor status,Non-social services donor,2018,flag_gs1dax08,0.05936994956197748,12.759911087925213,0.04452213895596852,0.07421776016798642,1344,Environment,Social services donor donation rates to other causes,BC,
Social services donor status,Social services donor,2018,flag_gs1dax08,0.17077880325067749,10.082831647857203,0.137029518537997,0.20452808796335797,833,Environment,Social services donor donation rates to other causes,BC,
Social services donor status,Non-social services donor,2018,flag_gs1dax08,0.05589999490971068,10.006436842838344,0.044936744901555595,0.06686324491786577,2666,Environment,Social services donor donation rates to other causes,ON,
Social services donor status,Social services donor,2018,flag_gs1dax08,0.11221204338486265,9.062303569354741,0.09228117744062314,0.13214290932910217,1680,Environment,Social services donor donation rates to other causes,ON,
Social services donor status,Non-social services donor,2018,flag_gs1dax08,0.06309741701742538,12.617342747671522,0.04749371769909899,0.07870111633575178,1366,Environment,Social services donor donation rates to other causes,PR,
Social services donor status,Social services donor,2018,flag_gs1dax08,0.1771362031855728,9.247075823912636,0.14503215183635726,0.20924025453478834,787,Environment,Social services donor donation rates to other causes,PR,
Social services donor status,Non-social services donor,2018,flag_gs1dax08,0.03934280981842806,19.5824872648043,0.024242657876634835,0.05444296176022129,1227,Environment,Social services donor donation rates to other causes,QC,*
Social services donor status,Social services donor,2018,flag_gs1dax08,0.08068075981307443,13.991652744487768,0.05855556575664511,0.10280595386950375,786,Environment,Social services donor donation rates to other causes,QC,
Social services donor status,Non-social services donor,2018,flag_gs1dax09,0.016944789884262762,38.62339363166369,0.004117505914715051,0.029772073853810473,891,Development & housing,Social services donor donation rates to other causes,AB,...
Social services donor status,Social services donor,2018,flag_gs1dax09,0.029933867630594337,25.048828491819148,0.015237894676546938,0.044629840584641735,521,Development & housing,Social services donor donation rates to other causes,AB,*
Social services donor status,Non-social services donor,2018,flag_gs1dax09,0.015535612770794682,19.048214933823417,0.009735575802533182,0.021335649739056183,2245,Development & housing,Social services donor donation rates to other causes,AT,*
Social services donor status,Social services donor,2018,flag_gs1dax09,0.05615083305034912,16.6838021551583,0.03778970641315632,0.07451195968754191,1803,Development & housing,Social services donor donation rates to other causes,AT,*
Social services donor status,Non-social services donor,2018,flag_gs1dax09,0.009779522321904726,25.230844887645677,0.0049433972171981115,0.014615647426611339,1344,Development & housing,Social services donor donation rates to other causes,BC,*
Social services donor status,Social services donor,2018,flag_gs1dax09,0.033918272799614596,25.920211064570363,0.01668688115402894,0.05114966444520025,833,Development & housing,Social services donor donation rates to other causes,BC,*
Social services donor status,Non-social services donor,2018,flag_gs1dax09,0.011690942861148223,16.223382460318998,0.007973545078240416,0.01540834064405603,2666,Development & housing,Social services donor donation rates to other causes,ON,
Social services donor status,Social services donor,2018,flag_gs1dax09,0.04019646849538445,22.017930880696817,0.022849943174117177,0.05754299381665172,1680,Development & housing,Social services donor donation rates to other causes,ON,*
Social services donor status,Non-social services donor,2018,flag_gs1dax09,0.024967546445513557,18.11596906745179,0.01610240788520536,0.033832685005821754,1366,Development & housing,Social services donor donation rates to other causes,PR,*
Social services donor status,Social services donor,2018,flag_gs1dax09,0.05388047797479352,15.614598564849299,0.03739086911324506,0.07037008683634198,787,Development & housing,Social services donor donation rates to other causes,PR,
Social services donor status,Non-social services donor,2018,flag_gs1dax09,0.01971796753516142,30.063402334901006,0.008099512882688105,0.03133642218763474,1227,Development & housing,Social services donor donation rates to other causes,QC,*
Social services donor status,Social services donor,2018,flag_gs1dax09,0.020914002349494296,21.92445634937235,0.011927016111107571,0.029900988587881018,786,Development & housing,Social services donor donation rates to other causes,QC,*
Social services donor status,Non-social services donor,2018,flag_gs1dax10,0.024775341191522703,25.025880399445654,0.01262307987619505,0.03692760250685036,891,"Law, advocacy & politics",Social services donor donation rates to other causes,AB,*
Social services donor status,Social services donor,2018,flag_gs1dax10,0.059906510790315046,18.62664203829148,0.03803611287921038,0.08177690870141971,521,"Law, advocacy & politics",Social services donor donation rates to other causes,AB,*
Social services donor status,Non-social services donor,2018,flag_gs1dax10,0.039535270450256274,14.737685608828388,0.028115375924778786,0.05095516497573376,2245,"Law, advocacy & politics",Social services donor donation rates to other causes,AT,
Social services donor status,Social services donor,2018,flag_gs1dax10,0.09738550671424374,9.33058964798569,0.07957601563792446,0.11519499779056303,1803,"Law, advocacy & politics",Social services donor donation rates to other causes,AT,
Social services donor status,Non-social services donor,2018,flag_gs1dax10,0.022223124522557088,20.972827635878122,0.013088089885258707,0.03135815915985547,1344,"Law, advocacy & politics",Social services donor donation rates to other causes,BC,*
Social services donor status,Social services donor,2018,flag_gs1dax10,0.047979789209623605,18.69794538007014,0.0303964921441896,0.06556308627505761,833,"Law, advocacy & politics",Social services donor donation rates to other causes,BC,*
Social services donor status,Non-social services donor,2018,flag_gs1dax10,0.014870040968855578,19.398973432048,0.009216259678431999,0.020523822259279158,2666,"Law, advocacy & politics",Social services donor donation rates to other causes,ON,*
Social services donor status,Social services donor,2018,flag_gs1dax10,0.057343102271301676,12.436757844881507,0.04336537849033582,0.07132082605226753,1680,"Law, advocacy & politics",Social services donor donation rates to other causes,ON,
Social services donor status,Non-social services donor,2018,flag_gs1dax10,0.018935942003598483,20.800413416741296,0.011216125586281787,0.02665575842091518,1366,"Law, advocacy & politics",Social services donor donation rates to other causes,PR,*
Social services donor status,Social services donor,2018,flag_gs1dax10,0.06591278139693761,14.0255459523833,0.047793644557537,0.08403191823633822,787,"Law, advocacy & politics",Social services donor donation rates to other causes,PR,
Social services donor status,Non-social services donor,2018,flag_gs1dax10,0.016557649313712997,29.767368387573534,0.00689742494949489,0.026217873677931103,1227,"Law, advocacy & politics",Social services donor donation rates to other causes,QC,*
Social services donor status,Social services donor,2018,flag_gs1dax10,0.035312107446576015,26.776233298412688,0.01678015352777206,0.05384406136537997,786,"Law, advocacy & politics",Social services donor donation rates to other causes,QC,*
Social services donor status,Non-social services donor,2018,flag_gs1dax11,0.07743837749358047,14.28691383221409,0.05575420959205386,0.09912254539510708,891,"Grant-making, fundraising",Social services donor donation rates to other causes,AB,
Social services donor status,Social services donor,2018,flag_gs1dax11,0.1840991569468753,14.38135976059119,0.13220722482040576,0.23599108907334482,521,"Grant-making, fundraising",Social services donor donation rates to other causes,AB,
Social services donor status,Non-social services donor,2018,flag_gs1dax11,0.078070922198216125,9.353227828248258,0.0637589687957563,0.09238287560067596,2245,"Grant-making, fundraising",Social services donor donation rates to other causes,AT,
Social services donor status,Social services donor,2018,flag_gs1dax11,0.17201846440674232,6.509259161200773,0.15007249747587342,0.1939644313376112,1803,"Grant-making, fundraising",Social services donor donation rates to other causes,AT,
Social services donor status,Non-social services donor,2018,flag_gs1dax11,0.041911478457293976,14.680985315975573,0.02985178478494099,0.05397117212964696,1344,"Grant-making, fundraising",Social services donor donation rates to other causes,BC,
Social services donor status,Social services donor,2018,flag_gs1dax11,0.11280957327753782,12.8095107100302,0.08448739914668275,0.1411317474083929,833,"Grant-making, fundraising",Social services donor donation rates to other causes,BC,
Social services donor status,Non-social services donor,2018,flag_gs1dax11,0.10340502697562981,8.25004939886788,0.08668464124173897,0.12012541270952065,2666,"Grant-making, fundraising",Social services donor donation rates to other causes,ON,
Social services donor status,Social services donor,2018,flag_gs1dax11,0.16822429284457197,6.6241516594451575,0.14638356689974608,0.19006501878939785,1680,"Grant-making, fundraising",Social services donor donation rates to other causes,ON,
Social services donor status,Non-social services donor,2018,flag_gs1dax11,0.10104110224811029,11.152612024900604,0.0789548127422673,0.12312739175395328,1366,"Grant-making, fundraising",Social services donor donation rates to other causes,PR,
Social services donor status,Social services donor,2018,flag_gs1dax11,0.18624222775628185,9.822153986564542,0.15038860972650167,0.22209584578606203,787,"Grant-making, fundraising",Social services donor donation rates to other causes,PR,
Social services donor status,Non-social services donor,2018,flag_gs1dax11,0.07680345393641759,11.120101756485292,0.06006414195961455,0.09354276591322064,1227,"Grant-making, fundraising",Social services donor donation rates to other causes,QC,
Social services donor status,Social services donor,2018,flag_gs1dax11,0.16844325314053016,9.333782087277347,0.13762845204997443,0.1992580542310859,786,"Grant-making, fundraising",Social services donor donation rates to other causes,QC,
Social services donor status,Non-social services donor,2018,flag_gs1dax12,0.05574258406889162,16.400916149593304,0.0378240161662313,0.07366115197155193,891,International,Social services donor donation rates to other causes,AB,
Social services donor status,Social services donor,2018,flag_gs1dax12,0.17284988150477695,11.84367608708686,0.1327259298439676,0.2129738331655863,521,International,Social services donor donation rates to other causes,AB,
Social services donor status,Non-social services donor,2018,flag_gs1dax12,0.03446384700967953,16.020238444150657,0.023642512540656906,0.04528518147870215,2245,International,Social services donor donation rates to other causes,AT,
Social services donor status,Social services donor,2018,flag_gs1dax12,0.1015974273381739,9.571064277369278,0.08253882560449567,0.12065602907185212,1803,International,Social services donor donation rates to other causes,AT,
Social services donor status,Non-social services donor,2018,flag_gs1dax12,0.05565857455499447,11.351031505468551,0.043275870321136695,0.06804127878885224,1344,International,Social services donor donation rates to other causes,BC,
Social services donor status,Social services donor,2018,flag_gs1dax12,0.1589038117612177,11.1789915790478,0.12408731781249815,0.19372030570993726,833,International,Social services donor donation rates to other causes,BC,
Social services donor status,Non-social services donor,2018,flag_gs1dax12,0.06462643348759049,9.165207953585341,0.053017278649093384,0.07623558832608761,2666,International,Social services donor donation rates to other causes,ON,
Social services donor status,Social services donor,2018,flag_gs1dax12,0.1647729458190155,8.59018015258844,0.13703104153076656,0.19251485010726443,1680,International,Social services donor donation rates to other causes,ON,
Social services donor status,Non-social services donor,2018,flag_gs1dax12,0.0486908030643371,15.196518747881102,0.0341884278020975,0.0631931783265767,1366,International,Social services donor donation rates to other causes,PR,
Social services donor status,Social services donor,2018,flag_gs1dax12,0.16774146692647593,11.297217267713025,0.1305999182088939,0.20488301564405795,787,International,Social services donor donation rates to other causes,PR,
Social services donor status,Non-social services donor,2018,flag_gs1dax12,0.0425418258482755,14.966551525597305,0.03006264836070037,0.055021003335850624,1227,International,Social services donor donation rates to other causes,QC,
Social services donor status,Social services donor,2018,flag_gs1dax12,0.09469285737204051,13.482913623114984,0.06966929910745104,0.11971641563662999,786,International,Social services donor donation rates to other causes,QC,
Social services donor status,Non-social services donor,2018,flag_gs1dax13,0.20265122628735344,9.86582092682501,0.1634652604525132,0.24183719212219368,891,Religion,Social services donor donation rates to other causes,AB,
Social services donor status,Social services donor,2018,flag_gs1dax13,0.3587011424931531,7.720126867675586,0.3044254606183752,0.412976824367931,521,Religion,Social services donor donation rates to other causes,AB,
Social services donor status,Non-social services donor,2018,flag_gs1dax13,0.21183850384136982,4.9458627517011715,0.19130348753975432,0.23237352014298532,2245,Religion,Social services donor donation rates to other causes,AT,
Social services donor status,Social services donor,2018,flag_gs1dax13,0.42109476831638165,3.709703308386367,0.39047745248580057,0.45171208414696273,1803,Religion,Social services donor donation rates to other causes,AT,
Social services donor status,Non-social services donor,2018,flag_gs1dax13,0.14224018466022223,8.526084626752684,0.11847068514431516,0.1660096841761293,1344,Religion,Social services donor donation rates to other causes,BC,
Social services donor status,Social services donor,2018,flag_gs1dax13,0.2466725595465607,8.053133710724437,0.20773812773504452,0.2856069913580769,833,Religion,Social services donor donation rates to other causes,BC,
Social services donor status,Non-social services donor,2018,flag_gs1dax13,0.1962527983629766,4.837932232445304,0.17764376863195472,0.21486182809399848,2666,Religion,Social services donor donation rates to other causes,ON,
Social services donor status,Social services donor,2018,flag_gs1dax13,0.3792412623267362,4.437585489070855,0.3462567241943646,0.41222580045910784,1680,Religion,Social services donor donation rates to other causes,ON,
Social services donor status,Non-social services donor,2018,flag_gs1dax13,0.21428178416837315,6.837693193793723,0.1855645271600298,0.2429990411767165,1366,Religion,Social services donor donation rates to other causes,PR,
Social services donor status,Social services donor,2018,flag_gs1dax13,0.43798892670851214,5.496035150688607,0.39080862395225135,0.4851692294647729,787,Religion,Social services donor donation rates to other causes,PR,
Social services donor status,Non-social services donor,2018,flag_gs1dax13,0.18576764281689306,6.903550882221418,0.16063195976010253,0.2109033258736836,1227,Religion,Social services donor donation rates to other causes,QC,
Social services donor status,Social services donor,2018,flag_gs1dax13,0.37615832902753027,6.3742154471650725,0.32916399363858406,0.4231526644164765,786,Religion,Social services donor donation rates to other causes,QC,
Social services donor status,Non-social services donor,2018,flag_gs1dax14,0.0028691684473343996,61.1795252251338,-5.712418557747745e-4,0.006309578750443573,891,Business & professional,Social services donor donation rates to other causes,AB,...
Social services donor status,Social services donor,2018,flag_gs1dax14,0.001088077766619778,103.78921692346515,-0.0011253240521012975,0.0033014795853408534,521,Business & professional,Social services donor donation rates to other causes,AB,...
Social services donor status,Non-social services donor,2018,flag_gs1dax14,0.005893199811603703,44.11801575877266,7.973663201651729e-4,0.010989033303042232,2245,Business & professional,Social services donor donation rates to other causes,AT,...
Social services donor status,Social services donor,2018,flag_gs1dax14,0.004665235600853473,39.64508465541986,0.0010402104702319664,0.00829026073147498,1803,Business & professional,Social services donor donation rates to other causes,AT,...
Social services donor status,Non-social services donor,2018,flag_gs1dax14,0.00449595971950239,48.657310235887394,2.0831689254757844e-4,0.0087836025464572,1344,Business & professional,Social services donor donation rates to other causes,BC,...
Social services donor status,Social services donor,2018,flag_gs1dax14,0.008547205253340958,36.86628927017949,0.0023712854095058987,0.014723125097176017,833,Business & professional,Social services donor donation rates to other causes,BC,...
Social services donor status,Non-social services donor,2018,flag_gs1dax14,0.0028053803010684593,41.10710342130435,5.451290943045977e-4,0.005065631507832321,2666,Business & professional,Social services donor donation rates to other causes,ON,...
Social services donor status,Social services donor,2018,flag_gs1dax14,0.011053609254016427,32.86538847901969,0.0039334293117185785,0.018173789196314273,1680,Business & professional,Social services donor donation rates to other causes,ON,*
Social services donor status,Non-social services donor,2018,flag_gs1dax14,0.001666361685048465,82.4311128835724,-0.0010258457881341689,0.004358569158231099,1366,Business & professional,Social services donor donation rates to other causes,PR,...
Social services donor status,Social services donor,2018,flag_gs1dax14,0.004492682927375703,44.653247431389985,0.00056074268424498655,0.008424623170506419,787,Business & professional,Social services donor donation rates to other causes,PR,...
Social services donor status,Non-social services donor,2018,flag_gs1dax14,0,NA,0,0,1227,Business & professional,Social services donor donation rates to other causes,QC,
Social services donor status,Social services donor,2018,flag_gs1dax14,0.004692194275255611,54.940978237565595,-3.6047025298160083e-4,0.009744858803492823,786,Business & professional,Social services donor donation rates to other causes,QC,...
Social services donor status,Non-social services donor,2018,flag_gs1dax15,0.022158065357147105,37.53261950942721,0.005858020251954265,0.03845811046233995,891,Other,Social services donor donation rates to other causes,AB,...
Social services donor status,Social services donor,2018,flag_gs1dax15,0.026315167258075728,31.798911468473946,0.00991431262438056,0.0427160218917709,521,Other,Social services donor donation rates to other causes,AB,*
Social services donor status,Non-social services donor,2018,flag_gs1dax15,0.02080826559879564,19.47741772845511,0.012864702453375973,0.028751828744215308,2245,Other,Social services donor donation rates to other causes,AT,*
Social services donor status,Social services donor,2018,flag_gs1dax15,0.05082479068222729,12.985751001135112,0.03788906608447955,0.06376051527997503,1803,Other,Social services donor donation rates to other causes,AT,
Social services donor status,Non-social services donor,2018,flag_gs1dax15,0.013964991020583522,32.897956034787974,0.004960531134508613,0.02296945090665843,1344,Other,Social services donor donation rates to other causes,BC,*
Social services donor status,Social services donor,2018,flag_gs1dax15,0.03176791858201252,28.497672349967985,0.014024134628381042,0.049511702535644,833,Other,Social services donor donation rates to other causes,BC,*
Social services donor status,Non-social services donor,2018,flag_gs1dax15,0.014466495483438244,16.457303102389893,0.009800223009259736,0.01913276795761675,2666,Other,Social services donor donation rates to other causes,ON,
Social services donor status,Social services donor,2018,flag_gs1dax15,0.04343859772602714,20.231977876874197,0.026213478782815824,0.06066371666923845,1680,Other,Social services donor donation rates to other causes,ON,*
Social services donor status,Non-social services donor,2018,flag_gs1dax15,0.02613121137606241,20.76808040743983,0.015494582889761759,0.03676783986236306,1366,Other,Social services donor donation rates to other causes,PR,*
Social services donor status,Social services donor,2018,flag_gs1dax15,0.025146642147352294,22.08380370906469,0.014262305374435109,0.03603097892026948,787,Other,Social services donor donation rates to other causes,PR,*
Social services donor status,Non-social services donor,2018,flag_gs1dax15,0.009943331449923917,38.145265026964346,0.002509364190524302,0.017377298709323533,1227,Other,Social services donor donation rates to other causes,QC,...
Social services donor status,Social services donor,2018,flag_gs1dax15,0.03632250394405652,25.939996943128623,0.01785561271475004,0.054789395173362995,786,Other,Social services donor donation rates to other causes,QC,*
