geoAbb,seriesDate,dateLabel,busChar,V_optimistic,S_optimistic,S_pessimistic,V_pessimistic,valNorm_Unknown,V_optimisticStat,S_optimisticStat,S_pessimisticStat,V_pessimisticStat,status_Unknown,pessimistic,optimistic
CA,2021.5,2021 Q3,Organismes communautaires à but non lucratif,0.318,0.5820000000000001,-0.068,-0.002,0.03,B,B,A,A,A,-0.07,0.9000000000000001
NL,2021.5,2021 Q3,Organismes communautaires à but non lucratif,0.43700000000000006,0.36700000000000005,-0.071,-0.013999999999999999,0.11,D,D,B,A,C,-0.08499999999999999,0.804
PE,2021.5,2021 Q3,Organismes communautaires à but non lucratif,0.312,0.515,-0.12,-0,0.053,D,D,C,A,B,-0.12,0.827
NS,2021.5,2021 Q3,Organismes communautaires à but non lucratif,0.374,0.545,-0.046,-0.003,0.032,D,D,A,A,A,-0.049,0.919
NB,2021.5,2021 Q3,Organismes communautaires à but non lucratif,0.355,0.52,-0.051,-0,0.07400000000000001,C,D,B,A,C,-0.051,0.875
QC,2021.5,2021 Q3,Organismes communautaires à but non lucratif,0.32299999999999995,0.633,-0.044000000000000004,-0.001,0,D,D,A,A,A,-0.045000000000000005,0.956
ON,2021.5,2021 Q3,Organismes communautaires à but non lucratif,0.252,0.659,-0.04,-0,0.049,C,D,B,A,B,-0.04,0.911
MB,2021.5,2021 Q3,Organismes communautaires à but non lucratif,0.33299999999999996,0.524,-0.114,-0.003,0.026000000000000002,D,D,C,A,A,-0.117,0.857
SK,2021.5,2021 Q3,Organismes communautaires à but non lucratif,0.381,0.474,-0.125,-0.003,0.017,C,D,B,A,A,-0.128,0.855
AB,2021.5,2021 Q3,Organismes communautaires à but non lucratif,0.255,0.608,-0.122,-0.005,0.01,D,D,C,A,A,-0.127,0.863
BC,2021.5,2021 Q3,Organismes communautaires à but non lucratif,0.41600000000000004,0.45899999999999996,-0.092,-0,0.034,D,D,C,A,B,-0.092,0.875
YT,2021.5,2021 Q3,Organismes communautaires à but non lucratif,0.34299999999999997,0.62,-0,-0,0.037000000000000005,E,E,A,A,B,-0,0.963
NT,2021.5,2021 Q3,Organismes communautaires à but non lucratif,0.40299999999999997,0.47200000000000003,-0.052000000000000005,-0,0.073,E,E,B,A,C,-0.052000000000000005,0.875
NU,2021.5,2021 Q3,Organismes communautaires à but non lucratif,0.561,0.35600000000000004,-0,-0.039,0.044000000000000004,E,E,A,B,B,-0.039,0.917
CA,2021.5,2021 Q3,Institutions commerciales à but non lucratif,0.408,0.47600000000000003,-0.076,-0.002,0.038,D,D,B,A,B,-0.078,0.884
NL,2021.5,2021 Q3,Institutions commerciales à but non lucratif,0.589,0.41100000000000003,-0,-0,0,E,E,A,A,A,-0,1
PE,2021.5,2021 Q3,Institutions commerciales à but non lucratif,0.327,NA,NA,-0,0.047,E,NA,NA,A,B,NA,NA
NS,2021.5,2021 Q3,Institutions commerciales à but non lucratif,0.6809999999999999,0.265,-0,-0,0.054000000000000006,E,E,A,A,C,-0,0.946
NB,2021.5,2021 Q3,Institutions commerciales à but non lucratif,NA,NA,-0,-0,0,NA,NA,A,A,A,-0,NA
QC,2021.5,2021 Q3,Institutions commerciales à but non lucratif,0.222,0.7490000000000001,-0.004,-0,0.025,E,E,A,A,B,-0.004,0.9710000000000001
ON,2021.5,2021 Q3,Institutions commerciales à but non lucratif,NA,NA,-0,-0,0.013000000000000001,NA,NA,A,A,A,-0,NA
MB,2021.5,2021 Q3,Institutions commerciales à but non lucratif,0.196,0.6890000000000001,-0.085,-0.03,0,E,E,D,B,A,-0.115,0.885
SK,2021.5,2021 Q3,Institutions commerciales à but non lucratif,0.915,0.08,-0,-0,0.005,C,C,A,A,A,-0,0.995
AB,2021.5,2021 Q3,Institutions commerciales à but non lucratif,0.055999999999999994,NA,NA,-0,0,B,NA,NA,A,A,NA,NA
BC,2021.5,2021 Q3,Institutions commerciales à but non lucratif,NA,NA,-0,-0,NA,NA,NA,A,A,NA,-0,NA
YT,2021.5,2021 Q3,Institutions commerciales à but non lucratif,0.863,0.13699999999999998,-0,-0,0,D,D,A,A,A,-0,1
NT,2021.5,2021 Q3,Institutions commerciales à but non lucratif,NA,NA,-0.17600000000000002,-0,0,NA,NA,D,A,A,-0.17600000000000002,NA
NU,2021.5,2021 Q3,Institutions commerciales à but non lucratif,NA,NA,-0,-0,0.08900000000000001,NA,NA,A,A,B,-0,NA
CA,2021.5,2021 Q3,Institutions gouvernementales,0.49,0.315,-0.003,-0.013000000000000001,0.17800000000000002,E,D,A,A,E,-0.016,0.8049999999999999
NL,2021.5,2021 Q3,Institutions gouvernementales,NA,0.024,-0.078,-0.161,0.192,NA,A,D,E,E,-0.239,NA
PE,2021.5,2021 Q3,Institutions gouvernementales,NA,NA,-0.04,-0,0.10800000000000001,NA,NA,B,A,D,-0.04,NA
NS,2021.5,2021 Q3,Institutions gouvernementales,0.81,0.19,-0,-0,0,E,E,A,A,A,-0,1
NB,2021.5,2021 Q3,Institutions gouvernementales,NA,NA,-0,-0,0,NA,NA,A,A,A,-0,NA
QC,2021.5,2021 Q3,Institutions gouvernementales,NA,NA,-0,-0,NA,NA,NA,A,A,NA,-0,NA
ON,2021.5,2021 Q3,Institutions gouvernementales,NA,0.259,-0.001,-0.027999999999999997,0.005,NA,E,A,B,A,-0.028999999999999998,NA
MB,2021.5,2021 Q3,Institutions gouvernementales,NA,NA,-0,-0,0.18600000000000003,NA,NA,A,A,E,-0,NA
SK,2021.5,2021 Q3,Institutions gouvernementales,NA,NA,-0.015,-0,0,NA,NA,A,A,A,-0.015,NA
AB,2021.5,2021 Q3,Institutions gouvernementales,0.006999999999999999,NA,-0,-0,NA,A,NA,A,A,NA,-0,NA
BC,2021.5,2021 Q3,Institutions gouvernementales,0.016,0.968,-0,-0.016,0,A,B,A,A,A,-0.016,0.984
YT,2021.5,2021 Q3,Institutions gouvernementales,0.934,0.066,-0,-0,0,C,C,A,A,A,-0,1
NT,2021.5,2021 Q3,Institutions gouvernementales,NA,NA,-0.10400000000000001,-0,0.141,NA,NA,D,A,E,-0.10400000000000001,NA
NU,2021.5,2021 Q3,Institutions gouvernementales,NA,NA,-0,-0,0.185,NA,NA,A,A,E,-0,NA
CA,2021.5,2021 Q3,Entreprises,0.22899999999999998,0.519,-0.085,-0.027000000000000003,0.14,A,A,A,A,A,-0.11200000000000002,0.748
NL,2021.5,2021 Q3,Entreprises,0.26899999999999996,0.48100000000000004,-0.094,-0.027000000000000003,0.13,A,B,A,A,A,-0.121,0.75
PE,2021.5,2021 Q3,Entreprises,0.255,0.539,-0.087,-0.013999999999999999,0.105,A,B,A,A,A,-0.10099999999999999,0.794
NS,2021.5,2021 Q3,Entreprises,0.312,0.504,-0.068,-0.019,0.09699999999999999,A,A,A,A,A,-0.08700000000000001,0.8160000000000001
NB,2021.5,2021 Q3,Entreprises,0.272,0.536,-0.075,-0.011000000000000001,0.107,A,A,A,A,A,-0.086,0.808
QC,2021.5,2021 Q3,Entreprises,0.267,0.56,-0.057,-0.015,0.102,A,A,A,A,A,-0.07200000000000001,0.8270000000000001
ON,2021.5,2021 Q3,Entreprises,0.20600000000000002,0.512,-0.08900000000000001,-0.031,0.163,A,A,A,A,A,-0.12000000000000001,0.718
MB,2021.5,2021 Q3,Entreprises,0.255,0.5329999999999999,-0.071,-0.023,0.11900000000000001,A,A,A,A,A,-0.094,0.7879999999999999
SK,2021.5,2021 Q3,Entreprises,0.22399999999999998,0.483,-0.129,-0.022000000000000002,0.14300000000000002,A,B,A,A,A,-0.151,0.707
AB,2021.5,2021 Q3,Entreprises,0.179,0.491,-0.129,-0.046,0.155,A,B,A,A,A,-0.175,0.6699999999999999
BC,2021.5,2021 Q3,Entreprises,0.253,0.51,-0.075,-0.024,0.139,A,A,A,A,A,-0.099,0.763
YT,2021.5,2021 Q3,Entreprises,0.248,0.5710000000000001,-0.075,-0.013000000000000001,0.09300000000000001,C,C,B,A,B,-0.088,0.8190000000000001
NT,2021.5,2021 Q3,Entreprises,0.293,0.47,-0.069,-0.035,0.133,B,C,B,A,B,-0.10400000000000001,0.7629999999999999
NU,2021.5,2021 Q3,Entreprises,0.21600000000000003,0.679,-0.032,-0,0.073,B,B,A,A,B,-0.032,0.895
CA,2021.75,2021 Q4,Organismes communautaires à but non lucratif,0.32799999999999996,0.48100000000000004,-0.11,-0.022000000000000002,0.057999999999999996,B,B,B,A,A,-0.132,0.8089999999999999
NL,2021.75,2021 Q4,Organismes communautaires à but non lucratif,0.467,0.312,-0.068,-0.023,0.13,E,D,C,A,D,-0.091,0.779
PE,2021.75,2021 Q4,Organismes communautaires à but non lucratif,0.34700000000000003,0.564,-0.053,-0.019,0.017,D,D,B,A,A,-0.072,0.911
NS,2021.75,2021 Q4,Organismes communautaires à but non lucratif,0.379,0.522,-0.008,-0.005,0.086,D,D,A,A,B,-0.013000000000000001,0.901
NB,2021.75,2021 Q4,Organismes communautaires à but non lucratif,0.325,0.556,-0.053,-0,0.066,D,D,B,A,B,-0.053,0.881
QC,2021.75,2021 Q4,Organismes communautaires à but non lucratif,0.457,0.46299999999999997,-0.045,-0,0.035,D,D,B,A,A,-0.045,0.9199999999999999
ON,2021.75,2021 Q4,Organismes communautaires à but non lucratif,0.198,0.511,-0.159,-0.045,0.087,C,E,C,B,C,-0.20400000000000001,0.7090000000000001
MB,2021.75,2021 Q4,Organismes communautaires à but non lucratif,0.3,0.591,-0.047,-0.003,0.059000000000000004,C,C,B,A,B,-0.05,0.891
SK,2021.75,2021 Q4,Organismes communautaires à but non lucratif,0.318,0.389,-0.071,-0.10400000000000001,0.11800000000000001,C,C,B,D,B,-0.175,0.7070000000000001
AB,2021.75,2021 Q4,Organismes communautaires à but non lucratif,0.376,0.344,-0.262,-0.001,0.017,E,D,E,A,A,-0.263,0.72
BC,2021.75,2021 Q4,Organismes communautaires à but non lucratif,0.375,0.54,-0.08199999999999999,-0,0.002,E,E,C,A,A,-0.08199999999999999,0.915
YT,2021.75,2021 Q4,Organismes communautaires à but non lucratif,0.534,0.363,-0.077,-0,0.026000000000000002,E,E,C,A,B,-0.077,0.897
NT,2021.75,2021 Q4,Organismes communautaires à but non lucratif,0.322,0.45299999999999996,-0.08900000000000001,-0,0.136,D,E,D,A,D,-0.08900000000000001,0.7749999999999999
NU,2021.75,2021 Q4,Organismes communautaires à but non lucratif,0.452,0.526,-0,-0,0.021,D,D,A,A,A,-0,0.978
CA,2021.75,2021 Q4,Institutions commerciales à but non lucratif,0.537,0.342,-0.043,-0.066,0.012,E,D,B,C,A,-0.109,0.879
NL,2021.75,2021 Q4,Institutions commerciales à but non lucratif,0.43799999999999994,0.281,-0.136,-0,0.14400000000000002,E,E,C,A,E,-0.136,0.719
PE,2021.75,2021 Q4,Institutions commerciales à but non lucratif,NA,NA,-0.059000000000000004,-0,0.054000000000000006,NA,NA,C,A,B,-0.059000000000000004,NA
NS,2021.75,2021 Q4,Institutions commerciales à but non lucratif,0.218,0.735,-0.017,-0,0.031,E,E,A,A,B,-0.017,0.953
NB,2021.75,2021 Q4,Institutions commerciales à but non lucratif,NA,NA,-0.153,-0,0,NA,NA,E,A,A,-0.153,NA
QC,2021.75,2021 Q4,Institutions commerciales à but non lucratif,0.6409999999999999,0.325,-0.023,-0,0.011000000000000001,E,E,A,A,A,-0.023,0.966
ON,2021.75,2021 Q4,Institutions commerciales à but non lucratif,NA,NA,-0.01,-0,0.008,NA,NA,A,A,A,-0.01,NA
MB,2021.75,2021 Q4,Institutions commerciales à but non lucratif,NA,NA,-0.032,-0.055999999999999994,0,NA,NA,B,C,A,-0.088,NA
SK,2021.75,2021 Q4,Institutions commerciales à but non lucratif,NA,NA,-0.098,-0.004,NA,NA,NA,D,A,NA,-0.10200000000000001,NA
AB,2021.75,2021 Q4,Institutions commerciales à but non lucratif,NA,NA,-0,NA,0.002,NA,NA,A,NA,A,NA,NA
BC,2021.75,2021 Q4,Institutions commerciales à but non lucratif,NA,NA,-0.08199999999999999,-0,0.001,NA,NA,D,A,A,-0.08199999999999999,NA
YT,2021.75,2021 Q4,Institutions commerciales à but non lucratif,0.606,0.39399999999999996,-0,-0,0,E,E,A,A,A,-0,1
NT,2021.75,2021 Q4,Institutions commerciales à but non lucratif,NA,NA,-0,-0,0.076,NA,NA,A,A,C,-0,NA
NU,2021.75,2021 Q4,Institutions commerciales à but non lucratif,NA,0.069,-0,-0,NA,NA,C,A,A,NA,-0,NA
CA,2021.75,2021 Q4,Institutions gouvernementales,0.514,0.369,-0.024,-0.001,0.092,E,E,A,A,B,-0.025,0.883
NL,2021.75,2021 Q4,Institutions gouvernementales,0.772,0.153,-0.017,-0.035,0.023,E,E,A,B,A,-0.052000000000000005,0.925
PE,2021.75,2021 Q4,Institutions gouvernementales,0.348,0.614,-0,-0,0.038,E,E,A,A,B,-0,0.962
NS,2021.75,2021 Q4,Institutions gouvernementales,0.363,0.185,NA,-0,0.19899999999999998,E,D,NA,A,E,NA,0.548
NB,2021.75,2021 Q4,Institutions gouvernementales,0.9159999999999999,0.055,-0.028999999999999998,-0,0,C,B,B,A,A,-0.028999999999999998,0.971
QC,2021.75,2021 Q4,Institutions gouvernementales,NA,NA,-0,-0,0.062,NA,NA,A,A,C,-0,NA
ON,2021.75,2021 Q4,Institutions gouvernementales,NA,NA,-0.002,-0,0.081,NA,NA,A,A,B,-0.002,NA
MB,2021.75,2021 Q4,Institutions gouvernementales,NA,0.158,-0.017,-0,NA,NA,E,A,A,NA,-0.017,NA
SK,2021.75,2021 Q4,Institutions gouvernementales,NA,0.151,-0.055,-0,NA,NA,C,B,A,NA,-0.055,NA
AB,2021.75,2021 Q4,Institutions gouvernementales,NA,NA,-0,-0,0,NA,NA,A,A,A,-0,NA
BC,2021.75,2021 Q4,Institutions gouvernementales,0.19399999999999998,NA,NA,-0,0.016,E,NA,NA,A,A,NA,NA
YT,2021.75,2021 Q4,Institutions gouvernementales,NA,NA,-0,-0,0,NA,NA,A,A,A,-0,NA
NT,2021.75,2021 Q4,Institutions gouvernementales,NA,0.053,-0,-0,NA,NA,C,A,A,NA,-0,NA
NU,2021.75,2021 Q4,Institutions gouvernementales,NA,NA,-0,-0,0.152,NA,NA,A,A,D,-0,NA
CA,2021.75,2021 Q4,Entreprises,0.207,0.511,-0.11800000000000001,-0.027000000000000003,0.13699999999999998,A,A,A,A,A,-0.14500000000000002,0.718
NL,2021.75,2021 Q4,Entreprises,0.261,0.43200000000000005,-0.132,-0.024,0.152,B,B,A,A,A,-0.156,0.6930000000000001
PE,2021.75,2021 Q4,Entreprises,0.261,0.518,-0.081,-0.027000000000000003,0.114,B,B,A,A,A,-0.10800000000000001,0.779
NS,2021.75,2021 Q4,Entreprises,0.281,0.451,-0.135,-0.013999999999999999,0.11900000000000001,A,B,A,A,A,-0.14900000000000002,0.732
NB,2021.75,2021 Q4,Entreprises,0.22699999999999998,0.511,-0.11800000000000001,-0.015,0.13,A,B,A,A,A,-0.133,0.738
QC,2021.75,2021 Q4,Entreprises,0.244,0.529,-0.091,-0.017,0.11900000000000001,A,B,A,A,A,-0.108,0.773
ON,2021.75,2021 Q4,Entreprises,0.193,0.525,-0.114,-0.03,0.139,A,B,A,A,A,-0.14400000000000002,0.718
MB,2021.75,2021 Q4,Entreprises,0.261,0.49,-0.087,-0.018000000000000002,0.14400000000000002,A,B,A,A,A,-0.105,0.751
SK,2021.75,2021 Q4,Entreprises,0.195,0.475,-0.146,-0.049,0.135,A,B,A,A,A,-0.195,0.6699999999999999
AB,2021.75,2021 Q4,Entreprises,0.146,0.473,-0.172,-0.052000000000000005,0.156,A,B,A,A,A,-0.22399999999999998,0.619
BC,2021.75,2021 Q4,Entreprises,0.22,0.512,-0.114,-0.012,0.14300000000000002,A,B,A,A,A,-0.126,0.732
YT,2021.75,2021 Q4,Entreprises,0.244,0.5660000000000001,-0.064,-0.018000000000000002,0.10800000000000001,B,B,A,A,B,-0.082,0.81
NT,2021.75,2021 Q4,Entreprises,0.193,0.535,-0.095,-0.051,0.127,B,B,A,B,B,-0.146,0.728
NU,2021.75,2021 Q4,Entreprises,0.237,0.632,-0.057,-0.005,0.068,C,C,B,A,B,-0.062,0.869
CA,2022,2022 Q1,Organismes communautaires à but non lucratif,0.308,0.517,-0.11,-0.013999999999999999,0.051,B,B,A,A,A,-0.124,0.825
NL,2022,2022 Q1,Organismes communautaires à but non lucratif,0.318,0.512,-0.045,-0.003,0.124,C,C,B,A,C,-0.048,0.8300000000000001
PE,2022,2022 Q1,Organismes communautaires à but non lucratif,0.306,0.591,-0.043,-0,0.06,C,C,A,A,B,-0.043,0.897
NS,2022,2022 Q1,Organismes communautaires à but non lucratif,0.322,0.47600000000000003,-0.031,-0.003,0.168,C,C,A,A,C,-0.034,0.798
NB,2022,2022 Q1,Organismes communautaires à but non lucratif,0.261,0.473,-0.16899999999999998,-0.012,0.085,C,C,C,A,B,-0.181,0.734
QC,2022,2022 Q1,Organismes communautaires à but non lucratif,0.25,0.534,-0.142,-0.034,0.04,C,D,C,B,A,-0.176,0.784
ON,2022,2022 Q1,Organismes communautaires à but non lucratif,0.373,0.528,-0.067,-0.013000000000000001,0.02,E,D,B,A,A,-0.08,0.901
MB,2022,2022 Q1,Organismes communautaires à but non lucratif,0.222,0.631,-0.028999999999999998,-0.016,0.10099999999999999,B,C,A,A,B,-0.045,0.853
SK,2022,2022 Q1,Organismes communautaires à but non lucratif,0.425,0.386,-0.054000000000000006,-0,0.135,C,C,A,A,B,-0.054000000000000006,0.8109999999999999
AB,2022,2022 Q1,Organismes communautaires à but non lucratif,0.276,0.434,-0.258,-0,0.033,D,D,D,A,A,-0.258,0.71
BC,2022,2022 Q1,Organismes communautaires à but non lucratif,0.292,0.547,-0.105,-0.005,0.051,C,D,C,A,B,-0.11,0.839
YT,2022,2022 Q1,Organismes communautaires à but non lucratif,0.233,0.552,-0.107,-0,0.109,D,E,C,A,C,-0.107,0.785
NT,2022,2022 Q1,Organismes communautaires à but non lucratif,0.479,0.306,-0.122,-0.036000000000000004,0.057,E,E,B,B,B,-0.158,0.7849999999999999
NU,2022,2022 Q1,Organismes communautaires à but non lucratif,0.435,0.36700000000000005,-0.025,-0,0.17300000000000001,D,D,A,A,C,-0.025,0.802
CA,2022,2022 Q1,Institutions commerciales à but non lucratif,0.21899999999999997,0.599,-0.063,-0.012,0.10800000000000001,B,C,B,A,B,-0.075,0.818
NL,2022,2022 Q1,Institutions commerciales à but non lucratif,0.275,NA,-0.063,-0,0.017,E,NA,C,A,A,-0.063,NA
PE,2022,2022 Q1,Institutions commerciales à but non lucratif,0.42,0.484,-0,-0,0.096,E,E,A,A,C,-0,0.9039999999999999
NS,2022,2022 Q1,Institutions commerciales à but non lucratif,0.382,0.52,-0.063,-0,0.035,D,D,B,A,A,-0.063,0.902
NB,2022,2022 Q1,Institutions commerciales à but non lucratif,NA,0.368,-0,-0.028999999999999998,0.07400000000000001,NA,E,A,B,C,-0.028999999999999998,NA
QC,2022,2022 Q1,Institutions commerciales à but non lucratif,0.1,0.643,-0.122,-0,0.135,C,E,E,A,E,-0.122,0.743
ON,2022,2022 Q1,Institutions commerciales à but non lucratif,NA,NA,-0.001,-0,0.185,NA,NA,A,A,E,-0.001,NA
MB,2022,2022 Q1,Institutions commerciales à but non lucratif,NA,NA,-0.196,-0,0.055,NA,NA,E,A,C,-0.196,NA
SK,2022,2022 Q1,Institutions commerciales à but non lucratif,0.171,0.815,-0.013999999999999999,-0,0,D,D,A,A,A,-0.013999999999999999,0.986
AB,2022,2022 Q1,Institutions commerciales à but non lucratif,0.025,0.741,-0.017,-0.09,0.128,A,E,A,D,E,-0.107,0.766
BC,2022,2022 Q1,Institutions commerciales à but non lucratif,NA,NA,-0,-0,0.025,NA,NA,A,A,B,-0,NA
YT,2022,2022 Q1,Institutions commerciales à but non lucratif,NA,NA,-0.024,-0,0.019,NA,NA,A,A,A,-0.024,NA
NT,2022,2022 Q1,Institutions commerciales à but non lucratif,0.24,NA,-0,-0,NA,E,NA,A,A,NA,-0,NA
NU,2022,2022 Q1,Institutions commerciales à but non lucratif,0.445,0.555,-0,-0,0,E,E,A,A,A,-0,1
CA,2022,2022 Q1,Institutions gouvernementales,0.293,0.47200000000000003,-0.135,-0,0.1,C,D,C,A,B,-0.135,0.765
NL,2022,2022 Q1,Institutions gouvernementales,NA,0.297,-0.102,-0,0,NA,E,C,A,A,-0.102,NA
PE,2022,2022 Q1,Institutions gouvernementales,0.375,0.557,-0,-0,0.068,E,E,A,A,B,-0,0.932
NS,2022,2022 Q1,Institutions gouvernementales,NA,NA,-0,-0,0.031,NA,NA,A,A,B,-0,NA
NB,2022,2022 Q1,Institutions gouvernementales,0.20600000000000002,0.732,-0.021,-0.009000000000000001,0.032,E,E,A,A,A,-0.030000000000000002,0.938
QC,2022,2022 Q1,Institutions gouvernementales,NA,NA,-0.015,-0,0.155,NA,NA,A,A,D,-0.015,NA
ON,2022,2022 Q1,Institutions gouvernementales,0.307,0.187,NA,-0,0.013000000000000001,E,D,NA,A,A,NA,0.494
MB,2022,2022 Q1,Institutions gouvernementales,0.061,0.843,-0.037000000000000005,-0,0.059000000000000004,C,E,B,A,C,-0.037000000000000005,0.9039999999999999
SK,2022,2022 Q1,Institutions gouvernementales,NA,NA,-0,-0,NA,NA,NA,A,A,NA,-0,NA
AB,2022,2022 Q1,Institutions gouvernementales,0.174,NA,-0.003,-0,NA,E,NA,A,A,NA,-0.003,NA
BC,2022,2022 Q1,Institutions gouvernementales,0.003,0.946,-0,-0,0.051,A,C,A,A,C,-0,0.949
YT,2022,2022 Q1,Institutions gouvernementales,0.272,NA,-0,-0,NA,E,NA,A,A,NA,-0,NA
NT,2022,2022 Q1,Institutions gouvernementales,NA,NA,-0.040999999999999995,-0,0.037000000000000005,NA,NA,B,A,B,-0.040999999999999995,NA
NU,2022,2022 Q1,Institutions gouvernementales,0.35100000000000003,0.41200000000000003,-0.018000000000000002,-0,0.21899999999999997,E,E,A,A,E,-0.018000000000000002,0.7630000000000001
CA,2022,2022 Q1,Entreprises,0.204,0.491,-0.133,-0.036000000000000004,0.135,A,A,A,A,A,-0.169,0.695
NL,2022,2022 Q1,Entreprises,0.21899999999999997,0.474,-0.161,-0.024,0.121,A,A,A,A,A,-0.185,0.693
PE,2022,2022 Q1,Entreprises,0.243,0.49200000000000005,-0.125,-0.040999999999999995,0.098,A,B,A,A,A,-0.16599999999999998,0.7350000000000001
NS,2022,2022 Q1,Entreprises,0.248,0.47200000000000003,-0.13,-0.024,0.127,A,A,A,A,A,-0.154,0.72
NB,2022,2022 Q1,Entreprises,0.228,0.498,-0.098,-0.027000000000000003,0.14800000000000002,A,A,A,A,A,-0.125,0.726
QC,2022,2022 Q1,Entreprises,0.242,0.5720000000000001,-0.08900000000000001,-0.013999999999999999,0.083,A,A,A,A,A,-0.10300000000000001,0.8140000000000001
ON,2022,2022 Q1,Entreprises,0.19,0.446,-0.156,-0.043,0.165,A,A,A,A,A,-0.199,0.636
MB,2022,2022 Q1,Entreprises,0.23800000000000002,0.513,-0.11199999999999999,-0.027000000000000003,0.11,A,A,A,A,A,-0.13899999999999998,0.751
SK,2022,2022 Q1,Entreprises,0.18,0.494,-0.16399999999999998,-0.048,0.113,A,A,A,A,A,-0.21199999999999997,0.6739999999999999
AB,2022,2022 Q1,Entreprises,0.162,0.498,-0.138,-0.049,0.153,A,A,A,A,A,-0.187,0.66
BC,2022,2022 Q1,Entreprises,0.212,0.485,-0.135,-0.043,0.126,A,A,A,A,A,-0.178,0.697
YT,2022,2022 Q1,Entreprises,0.21100000000000002,0.435,-0.191,-0.018000000000000002,0.145,B,C,B,A,B,-0.20900000000000002,0.646
NT,2022,2022 Q1,Entreprises,0.20199999999999999,0.513,-0.096,-0.039,0.15,B,B,A,A,B,-0.135,0.715
NU,2022,2022 Q1,Entreprises,0.23600000000000002,0.622,-0.045,-0.022000000000000002,0.075,B,B,A,A,A,-0.067,0.858
CA,2022.5,2022 Q3,Organismes communautaires à but non lucratif,0.34700000000000003,0.522,-0.068,-0.003,0.06,B,B,A,A,A,-0.07100000000000001,0.869
NL,2022.5,2022 Q3,Organismes communautaires à but non lucratif,0.304,0.578,-0.055,-0.003,0.06,C,C,A,A,B,-0.058,0.8819999999999999
PE,2022.5,2022 Q3,Organismes communautaires à but non lucratif,0.248,0.518,-0.017,-0,0.217,C,C,A,A,C,-0.017,0.766
NS,2022.5,2022 Q3,Organismes communautaires à but non lucratif,0.401,0.424,-0.03,-0.015,0.13,C,C,A,A,B,-0.045,0.825
NB,2022.5,2022 Q3,Organismes communautaires à but non lucratif,0.381,0.513,-0.034,-0.001,0.07200000000000001,C,C,A,A,B,-0.035,0.894
QC,2022.5,2022 Q3,Organismes communautaires à but non lucratif,0.301,0.561,-0.083,-0,0.054000000000000006,C,C,B,A,A,-0.083,0.8620000000000001
ON,2022.5,2022 Q3,Organismes communautaires à but non lucratif,0.35200000000000004,0.5489999999999999,-0.069,-0.002,0.028999999999999998,C,C,A,A,A,-0.07100000000000001,0.901
MB,2022.5,2022 Q3,Organismes communautaires à but non lucratif,0.349,0.509,-0.045,-0.003,0.09300000000000001,C,C,B,A,B,-0.048,0.858
SK,2022.5,2022 Q3,Organismes communautaires à but non lucratif,0.419,0.38,-0.055,-0.034,0.111,C,C,B,B,B,-0.089,0.7989999999999999
AB,2022.5,2022 Q3,Organismes communautaires à but non lucratif,0.358,0.44299999999999995,-0.094,-0,0.105,C,C,B,A,B,-0.094,0.8009999999999999
BC,2022.5,2022 Q3,Organismes communautaires à but non lucratif,0.36700000000000005,0.547,-0.044000000000000004,-0.002,0.04,C,C,A,A,A,-0.046000000000000006,0.9140000000000001
YT,2022.5,2022 Q3,Organismes communautaires à but non lucratif,0.55,0.244,-0.012,-0.017,0.17600000000000002,D,C,A,A,D,-0.029,0.794
NT,2022.5,2022 Q3,Organismes communautaires à but non lucratif,0.33299999999999996,0.636,-0.009000000000000001,-0,0.022000000000000002,D,D,A,A,A,-0.009000000000000001,0.969
NU,2022.5,2022 Q3,Organismes communautaires à but non lucratif,0.705,0.163,-0.016,-0,0.11599999999999999,C,B,A,A,C,-0.016,0.868
CA,2022.5,2022 Q3,Institutions commerciales à but non lucratif,0.32799999999999996,0.5720000000000001,-0.051,-0.009000000000000001,0.040999999999999995,C,C,A,A,A,-0.06,0.9
NL,2022.5,2022 Q3,Institutions commerciales à but non lucratif,NA,0.377,-0.059000000000000004,-0.040999999999999995,0.16,NA,E,B,B,E,-0.1,NA
PE,2022.5,2022 Q3,Institutions commerciales à but non lucratif,0.526,0.462,-0,-0,0.012,E,E,A,A,A,-0,0.988
NS,2022.5,2022 Q3,Institutions commerciales à but non lucratif,0.486,0.237,-0.051,-0.002,0.22399999999999998,E,D,B,A,E,-0.053,0.723
NB,2022.5,2022 Q3,Institutions commerciales à but non lucratif,0.43,0.55,-0.006999999999999999,-0.008,0.004,E,E,A,A,A,-0.015,0.98
QC,2022.5,2022 Q3,Institutions commerciales à but non lucratif,0.284,0.664,-0.03,-0.018000000000000002,0.003,E,E,A,A,A,-0.048,0.948
ON,2022.5,2022 Q3,Institutions commerciales à but non lucratif,0.317,0.594,-0.052000000000000005,-0.004,0.034,E,E,B,A,A,-0.05600000000000001,0.911
MB,2022.5,2022 Q3,Institutions commerciales à but non lucratif,0.213,0.627,-0.004,-0.022000000000000002,0.135,D,E,A,A,D,-0.026000000000000002,0.84
SK,2022.5,2022 Q3,Institutions commerciales à but non lucratif,0.33,0.638,-0.02,-0.002,0.009000000000000001,E,E,A,A,A,-0.022,0.968
AB,2022.5,2022 Q3,Institutions commerciales à but non lucratif,0.17800000000000002,0.6559999999999999,-0.106,-0.01,0.05,C,E,D,A,B,-0.11599999999999999,0.834
BC,2022.5,2022 Q3,Institutions commerciales à but non lucratif,NA,NA,-0.066,-0.004,0.02,NA,NA,C,A,A,-0.07,NA
YT,2022.5,2022 Q3,Institutions commerciales à but non lucratif,0.048,0.267,-0.685,-0,0,A,E,E,A,A,-0.685,0.315
NT,2022.5,2022 Q3,Institutions commerciales à but non lucratif,NA,0.27399999999999997,-0,-0,0.209,NA,D,A,A,E,-0,NA
NU,2022.5,2022 Q3,Institutions commerciales à but non lucratif,0.439,0.447,-0,-0,0.114,E,E,A,A,D,-0,0.886
CA,2022.5,2022 Q3,Institutions gouvernementales,0.36200000000000004,0.46,-0.009000000000000001,-0.024,0.14400000000000002,D,D,A,A,C,-0.033,0.8220000000000001
NL,2022.5,2022 Q3,Institutions gouvernementales,0.569,0.17,-0.145,-0,0.11599999999999999,E,D,E,A,C,-0.145,0.739
PE,2022.5,2022 Q3,Institutions gouvernementales,0.18100000000000002,0.8190000000000001,-0,-0,0,C,C,A,A,A,-0,1
NS,2022.5,2022 Q3,Institutions gouvernementales,NA,NA,-0.03,-0,0,NA,NA,A,A,A,-0.03,NA
NB,2022.5,2022 Q3,Institutions gouvernementales,NA,0.141,-0.012,-0,NA,NA,E,A,A,NA,-0.012,NA
QC,2022.5,2022 Q3,Institutions gouvernementales,NA,NA,-0,-0,0.019,NA,NA,A,A,A,-0,NA
ON,2022.5,2022 Q3,Institutions gouvernementales,0.141,0.77,-0.003,-0.075,0.011000000000000001,D,E,A,D,A,-0.078,0.911
MB,2022.5,2022 Q3,Institutions gouvernementales,NA,NA,-0.036000000000000004,-0,0.251,NA,NA,B,A,E,-0.036000000000000004,NA
SK,2022.5,2022 Q3,Institutions gouvernementales,0.096,0.231,-0.052000000000000005,-0.017,NA,C,E,B,A,NA,-0.069,0.327
AB,2022.5,2022 Q3,Institutions gouvernementales,NA,NA,-0.004,-0,NA,NA,NA,A,A,NA,-0.004,NA
BC,2022.5,2022 Q3,Institutions gouvernementales,0.071,0.125,-0.004,-0,0.8,C,D,A,A,E,-0.004,0.196
YT,2022.5,2022 Q3,Institutions gouvernementales,NA,0,-0,-0,NA,NA,A,A,A,NA,-0,NA
NT,2022.5,2022 Q3,Institutions gouvernementales,0.19399999999999998,0.49,-0,-0,0.316,E,E,A,A,E,-0,0.6839999999999999
NU,2022.5,2022 Q3,Institutions gouvernementales,NA,0.17600000000000002,-0,-0,NA,NA,E,A,A,NA,-0,NA
CA,2022.5,2022 Q3,Entreprises,0.198,0.48200000000000004,-0.126,-0.05,0.145,A,A,A,A,A,-0.176,0.68
NL,2022.5,2022 Q3,Entreprises,0.263,0.45899999999999996,-0.099,-0.023,0.156,A,B,A,A,A,-0.122,0.722
PE,2022.5,2022 Q3,Entreprises,0.262,0.456,-0.121,-0.021,0.14,A,B,A,A,A,-0.142,0.718
NS,2022.5,2022 Q3,Entreprises,0.24600000000000002,0.467,-0.10800000000000001,-0.034,0.145,A,B,A,A,A,-0.14200000000000002,0.7130000000000001
NB,2022.5,2022 Q3,Entreprises,0.272,0.465,-0.083,-0.032,0.147,A,B,A,A,A,-0.115,0.7370000000000001
QC,2022.5,2022 Q3,Entreprises,0.24100000000000002,0.53,-0.085,-0.025,0.11900000000000001,A,A,A,A,A,-0.11000000000000001,0.771
ON,2022.5,2022 Q3,Entreprises,0.17600000000000002,0.475,-0.134,-0.063,0.152,A,B,A,A,A,-0.197,0.651
MB,2022.5,2022 Q3,Entreprises,0.213,0.456,-0.14400000000000002,-0.047,0.14,A,B,A,A,A,-0.191,0.669
SK,2022.5,2022 Q3,Entreprises,0.204,0.48200000000000004,-0.121,-0.062,0.132,A,B,A,A,A,-0.183,0.686
AB,2022.5,2022 Q3,Entreprises,0.179,0.47700000000000004,-0.153,-0.053,0.13699999999999998,A,A,A,A,A,-0.206,0.656
BC,2022.5,2022 Q3,Entreprises,0.18100000000000002,0.45299999999999996,-0.14400000000000002,-0.053,0.17,A,A,A,A,A,-0.197,0.634
YT,2022.5,2022 Q3,Entreprises,0.341,0.368,-0.111,-0.01,0.171,C,B,B,A,B,-0.121,0.7090000000000001
NT,2022.5,2022 Q3,Entreprises,0.251,0.48200000000000004,-0.08900000000000001,-0.03,0.149,B,C,B,A,B,-0.11900000000000001,0.7330000000000001
NU,2022.5,2022 Q3,Entreprises,0.32899999999999996,0.531,-0.055,-0.015,0.07,B,B,A,A,A,-0.07,0.86
CA,2022.75,2022 Q4,Organismes communautaires à but non lucratif,0.43,0.429,-0.09,-0.016,0.036000000000000004,B,B,A,A,A,-0.106,0.859
NL,2022.75,2022 Q4,Organismes communautaires à but non lucratif,0.452,0.397,-0.09699999999999999,-0.005,0.05,C,C,B,A,A,-0.102,0.849
PE,2022.75,2022 Q4,Organismes communautaires à but non lucratif,0.36200000000000004,0.579,-0.017,-0.01,0.033,C,C,A,A,A,-0.027000000000000003,0.9410000000000001
NS,2022.75,2022 Q4,Organismes communautaires à but non lucratif,0.281,0.495,-0.086,-0.095,0.043,C,D,B,C,B,-0.181,0.776
NB,2022.75,2022 Q4,Organismes communautaires à but non lucratif,0.452,0.391,-0.077,-0.002,0.078,C,C,B,A,B,-0.079,0.843
QC,2022.75,2022 Q4,Organismes communautaires à but non lucratif,0.44,0.44,-0.069,-0,0.05,C,C,B,A,A,-0.069,0.88
ON,2022.75,2022 Q4,Organismes communautaires à but non lucratif,0.461,0.424,-0.075,-0.019,0.022000000000000002,D,D,A,A,A,-0.094,0.885
MB,2022.75,2022 Q4,Organismes communautaires à but non lucratif,0.37799999999999995,0.484,-0.091,-0.001,0.046,C,C,B,A,B,-0.092,0.8619999999999999
SK,2022.75,2022 Q4,Organismes communautaires à but non lucratif,0.39,0.525,-0.043,-0.006999999999999999,0.035,C,C,A,A,A,-0.049999999999999996,0.915
AB,2022.75,2022 Q4,Organismes communautaires à but non lucratif,0.435,0.433,-0.07200000000000001,-0.035,0.025,C,C,A,B,A,-0.10700000000000001,0.868
BC,2022.75,2022 Q4,Organismes communautaires à but non lucratif,0.38799999999999996,0.353,-0.21,-0.012,0.038,D,C,E,A,A,-0.222,0.7409999999999999
YT,2022.75,2022 Q4,Organismes communautaires à but non lucratif,0.662,0.233,-0.105,-0,0,D,C,B,A,A,-0.105,0.895
NT,2022.75,2022 Q4,Organismes communautaires à but non lucratif,0.395,0.305,-0.045,-0,0.255,D,D,B,A,D,-0.045,0.7
NU,2022.75,2022 Q4,Organismes communautaires à but non lucratif,0.44299999999999995,0.5479999999999999,-0,-0,0.009000000000000001,E,E,A,A,A,-0,0.9909999999999999
CA,2022.75,2022 Q4,Institutions commerciales à but non lucratif,0.397,0.447,-0.10300000000000001,-0.01,0.043,C,C,B,A,A,-0.113,0.8440000000000001
NL,2022.75,2022 Q4,Institutions commerciales à but non lucratif,0.5710000000000001,0.33299999999999996,-0.096,-0,0,E,E,D,A,A,-0.096,0.904
PE,2022.75,2022 Q4,Institutions commerciales à but non lucratif,0.628,0.308,-0.028999999999999998,-0,0.035,E,E,A,A,A,-0.028999999999999998,0.9359999999999999
NS,2022.75,2022 Q4,Institutions commerciales à but non lucratif,0.816,0.158,-0.005,-0,0.021,D,C,A,A,A,-0.005,0.974
NB,2022.75,2022 Q4,Institutions commerciales à but non lucratif,0.42,0.33299999999999996,-0.039,-0.17800000000000002,0.031,E,E,B,E,A,-0.21700000000000003,0.7529999999999999
QC,2022.75,2022 Q4,Institutions commerciales à but non lucratif,0.293,0.6809999999999999,-0.01,-0.003,0.013000000000000001,E,E,A,A,A,-0.013000000000000001,0.974
ON,2022.75,2022 Q4,Institutions commerciales à but non lucratif,0.5539999999999999,0.226,-0.205,-0.001,0.013999999999999999,E,C,E,A,A,-0.206,0.7799999999999999
MB,2022.75,2022 Q4,Institutions commerciales à but non lucratif,0.674,0.264,-0.013000000000000001,-0,0.049,E,E,A,A,B,-0.013000000000000001,0.9380000000000001
SK,2022.75,2022 Q4,Institutions commerciales à but non lucratif,0.212,0.595,-0.08199999999999999,-0.002,0.11,D,E,C,A,D,-0.08399999999999999,0.8069999999999999
AB,2022.75,2022 Q4,Institutions commerciales à but non lucratif,0.139,NA,NA,-0.006999999999999999,0.033,C,NA,NA,A,B,NA,NA
BC,2022.75,2022 Q4,Institutions commerciales à but non lucratif,0.21600000000000003,NA,-0.016,-0,0.193,D,NA,A,A,E,-0.016,NA
YT,2022.75,2022 Q4,Institutions commerciales à but non lucratif,NA,NA,-0,-0,0,NA,NA,A,A,A,-0,NA
NT,2022.75,2022 Q4,Institutions commerciales à but non lucratif,0.736,0.264,-0,-0,0,E,E,A,A,A,-0,1
NU,2022.75,2022 Q4,Institutions commerciales à but non lucratif,NA,0.271,-0,-0,0.114,NA,E,A,A,D,-0,NA
CA,2022.75,2022 Q4,Institutions gouvernementales,0.627,0.276,-0.033,-0.001,0.063,D,C,A,A,A,-0.034,0.903
NL,2022.75,2022 Q4,Institutions gouvernementales,NA,0.18600000000000003,-0,-0,NA,NA,E,A,A,NA,-0,NA
PE,2022.75,2022 Q4,Institutions gouvernementales,0.327,0.6729999999999999,-0,-0,0,E,E,A,A,A,-0,1
NS,2022.75,2022 Q4,Institutions gouvernementales,NA,0.226,-0,-0.02,0.016,NA,E,A,A,A,-0.02,NA
NB,2022.75,2022 Q4,Institutions gouvernementales,NA,NA,-0.024,-0.017,0.024,NA,NA,A,A,A,-0.041,NA
QC,2022.75,2022 Q4,Institutions gouvernementales,0.7,0.268,-0.011000000000000001,-0,0.02,E,E,A,A,A,-0.011000000000000001,0.968
ON,2022.75,2022 Q4,Institutions gouvernementales,0.75,0.226,-0.004,-0,0.02,E,E,A,A,A,-0.004,0.976
MB,2022.75,2022 Q4,Institutions gouvernementales,NA,0.124,-0.12,-0,NA,NA,C,E,A,NA,-0.12,NA
SK,2022.75,2022 Q4,Institutions gouvernementales,0.32,0.489,-0.11199999999999999,-0,0.078,D,E,D,A,C,-0.11199999999999999,0.8089999999999999
AB,2022.75,2022 Q4,Institutions gouvernementales,NA,NA,-0.009000000000000001,-0,0.013000000000000001,NA,NA,A,A,A,-0.009000000000000001,NA
BC,2022.75,2022 Q4,Institutions gouvernementales,0.11199999999999999,NA,NA,-0,0.077,C,NA,NA,A,C,NA,NA
YT,2022.75,2022 Q4,Institutions gouvernementales,0.883,0,-0,-0,0.11699999999999999,D,A,A,A,D,-0,0.883
NT,2022.75,2022 Q4,Institutions gouvernementales,0.21,0.62,-0,-0,0.17,E,E,A,A,D,-0,0.83
NU,2022.75,2022 Q4,Institutions gouvernementales,NA,0,-0.038,-0,NA,NA,A,B,A,NA,-0.038,NA
CA,2022.75,2022 Q4,Entreprises,0.22,0.47100000000000003,-0.139,-0.052000000000000005,0.11800000000000001,A,A,A,A,A,-0.191,0.6910000000000001
NL,2022.75,2022 Q4,Entreprises,0.237,0.469,-0.121,-0.049,0.125,A,B,A,A,A,-0.16999999999999998,0.706
PE,2022.75,2022 Q4,Entreprises,0.239,0.517,-0.13,-0.019,0.09699999999999999,B,B,A,A,A,-0.149,0.756
NS,2022.75,2022 Q4,Entreprises,0.255,0.501,-0.10300000000000001,-0.032,0.10800000000000001,A,B,A,A,A,-0.135,0.756
NB,2022.75,2022 Q4,Entreprises,0.22399999999999998,0.474,-0.152,-0.033,0.11800000000000001,A,B,A,A,A,-0.185,0.698
QC,2022.75,2022 Q4,Entreprises,0.278,0.508,-0.105,-0.023,0.086,A,A,A,A,A,-0.128,0.786
ON,2022.75,2022 Q4,Entreprises,0.221,0.47100000000000003,-0.125,-0.057999999999999996,0.124,A,B,A,A,A,-0.183,0.6920000000000001
MB,2022.75,2022 Q4,Entreprises,0.235,0.44799999999999995,-0.14,-0.034,0.14300000000000002,A,A,A,A,A,-0.17400000000000002,0.6829999999999999
SK,2022.75,2022 Q4,Entreprises,0.218,0.40299999999999997,-0.18,-0.069,0.131,A,A,A,A,A,-0.249,0.621
AB,2022.75,2022 Q4,Entreprises,0.166,0.429,-0.174,-0.075,0.155,A,A,A,A,A,-0.249,0.595
BC,2022.75,2022 Q4,Entreprises,0.177,0.46799999999999997,-0.182,-0.063,0.109,A,B,A,A,A,-0.245,0.645
YT,2022.75,2022 Q4,Entreprises,0.233,0.469,-0.10400000000000001,-0.039,0.156,B,C,B,A,B,-0.14300000000000002,0.702
NT,2022.75,2022 Q4,Entreprises,0.218,0.65,-0.084,-0.01,0.038,B,B,B,A,A,-0.094,0.868
NU,2022.75,2022 Q4,Entreprises,0.152,0.611,-0.087,-0.003,0.147,B,B,A,A,B,-0.09,0.763
CA,2023,2023 Q1,Organismes communautaires à but non lucratif,0.336,0.467,-0.11,-0.011000000000000001,0.076,B,B,A,A,A,-0.121,0.803
NL,2023,2023 Q1,Organismes communautaires à but non lucratif,0.3,0.51,-0.09,-0.004,0.096,C,D,B,A,B,-0.094,0.81
PE,2023,2023 Q1,Organismes communautaires à but non lucratif,0.257,0.652,-0.044000000000000004,-0.013000000000000001,0.035,C,C,A,A,A,-0.05700000000000001,0.909
NS,2023,2023 Q1,Organismes communautaires à but non lucratif,0.377,0.513,-0.086,-0.006999999999999999,0.016,C,C,B,A,A,-0.093,0.89
NB,2023,2023 Q1,Organismes communautaires à but non lucratif,0.488,0.382,-0.063,-0,0.066,C,C,B,A,B,-0.063,0.87
QC,2023,2023 Q1,Organismes communautaires à but non lucratif,0.259,0.5379999999999999,-0.11,-0.016,0.077,C,C,C,A,B,-0.126,0.7969999999999999
ON,2023,2023 Q1,Organismes communautaires à but non lucratif,0.344,0.47700000000000004,-0.10400000000000001,-0.013000000000000001,0.061,C,D,B,A,B,-0.117,0.821
MB,2023,2023 Q1,Organismes communautaires à but non lucratif,0.359,0.391,-0.18600000000000003,-0,0.064,C,C,C,A,B,-0.18600000000000003,0.75
SK,2023,2023 Q1,Organismes communautaires à but non lucratif,0.434,0.317,-0.099,-0.001,0.149,D,C,B,A,C,-0.1,0.751
AB,2023,2023 Q1,Organismes communautaires à but non lucratif,0.321,0.449,-0.129,-0.006999999999999999,0.094,D,C,C,A,C,-0.136,0.77
BC,2023,2023 Q1,Organismes communautaires à but non lucratif,0.341,0.43700000000000006,-0.11,-0.013999999999999999,0.099,D,D,C,A,C,-0.124,0.778
YT,2023,2023 Q1,Organismes communautaires à but non lucratif,0.509,0.36,-0.025,-0,0.106,E,E,A,A,D,-0.025,0.869
NT,2023,2023 Q1,Organismes communautaires à but non lucratif,0.545,0.39299999999999996,-0.026000000000000002,-0,0.036000000000000004,E,E,A,A,A,-0.026000000000000002,0.938
NU,2023,2023 Q1,Organismes communautaires à but non lucratif,0.645,0.276,-0.02,-0,0.057999999999999996,D,C,A,A,B,-0.02,0.921
CA,2023,2023 Q1,Institutions commerciales à but non lucratif,0.446,0.479,-0.039,-0.004,0.032,C,C,A,A,A,-0.043,0.925
NL,2023,2023 Q1,Institutions commerciales à but non lucratif,NA,NA,-0,-0.011000000000000001,0.06,NA,NA,A,A,C,-0.011000000000000001,NA
PE,2023,2023 Q1,Institutions commerciales à but non lucratif,0.318,0.626,-0.009000000000000001,-0,0.047,E,E,A,A,B,-0.009000000000000001,0.944
NS,2023,2023 Q1,Institutions commerciales à but non lucratif,NA,NA,-0.003,-0,0.11599999999999999,NA,NA,A,A,E,-0.003,NA
NB,2023,2023 Q1,Institutions commerciales à but non lucratif,0.43,NA,-0.065,-0,0.013999999999999999,E,NA,B,A,A,-0.065,NA
QC,2023,2023 Q1,Institutions commerciales à but non lucratif,NA,NA,-0.017,-0.011000000000000001,0.013000000000000001,NA,NA,A,A,A,-0.028000000000000004,NA
ON,2023,2023 Q1,Institutions commerciales à but non lucratif,NA,NA,-0.075,-0,0.011000000000000001,NA,NA,B,A,A,-0.075,NA
MB,2023,2023 Q1,Institutions commerciales à but non lucratif,NA,0.242,-0.003,-0.025,NA,NA,E,A,A,NA,-0.028,NA
SK,2023,2023 Q1,Institutions commerciales à but non lucratif,0.395,0.595,-0.006999999999999999,-0,0.003,E,E,A,A,A,-0.006999999999999999,0.99
AB,2023,2023 Q1,Institutions commerciales à but non lucratif,0.17600000000000002,0.7020000000000001,-0.062,-0.003,0.057999999999999996,D,E,B,A,B,-0.065,0.8780000000000001
BC,2023,2023 Q1,Institutions commerciales à but non lucratif,0.5579999999999999,0.41200000000000003,-0.013000000000000001,-0,0.017,E,E,A,A,A,-0.013000000000000001,0.97
YT,2023,2023 Q1,Institutions commerciales à but non lucratif,NA,NA,NA,-0,0,NA,NA,NA,A,A,NA,NA
NT,2023,2023 Q1,Institutions commerciales à but non lucratif,0.727,0.107,-0.092,-0,0.07400000000000001,E,B,D,A,C,-0.092,0.834
NU,2023,2023 Q1,Institutions commerciales à but non lucratif,0.032,NA,-0,-0,NA,A,NA,A,A,NA,-0,NA
CA,2023,2023 Q1,Institutions gouvernementales,0.40399999999999997,0.344,-0.08199999999999999,-0,0.17,D,D,C,A,C,-0.08199999999999999,0.748
NL,2023,2023 Q1,Institutions gouvernementales,NA,NA,NA,-0,NA,NA,NA,NA,A,NA,NA,NA
PE,2023,2023 Q1,Institutions gouvernementales,0.597,0.33299999999999996,-0,-0,0.069,E,D,A,A,C,-0,0.9299999999999999
NS,2023,2023 Q1,Institutions gouvernementales,NA,0.188,-0,-0,0.085,NA,E,A,A,C,-0,NA
NB,2023,2023 Q1,Institutions gouvernementales,NA,NA,-0,-0,0,NA,NA,A,A,A,-0,NA
QC,2023,2023 Q1,Institutions gouvernementales,0.7659999999999999,0.139,-0.001,-0,0.094,E,D,A,A,C,-0.001,0.9049999999999999
ON,2023,2023 Q1,Institutions gouvernementales,0.251,NA,-0.069,-0,0.135,E,NA,C,A,D,-0.069,NA
MB,2023,2023 Q1,Institutions gouvernementales,0.7390000000000001,0.251,-0,-0,0.01,E,E,A,A,A,-0,0.9900000000000001
SK,2023,2023 Q1,Institutions gouvernementales,NA,NA,-0,-0,0,NA,NA,A,A,A,-0,NA
AB,2023,2023 Q1,Institutions gouvernementales,NA,0.29,-0,-0,0.017,NA,E,A,A,A,-0,NA
BC,2023,2023 Q1,Institutions gouvernementales,0.07200000000000001,0.19,NA,-0,NA,C,E,NA,A,NA,NA,0.262
YT,2023,2023 Q1,Institutions gouvernementales,NA,NA,-0,-0,0,NA,NA,A,A,A,-0,NA
NT,2023,2023 Q1,Institutions gouvernementales,0.092,NA,-0.057,-0,NA,C,NA,B,A,NA,-0.057,NA
NU,2023,2023 Q1,Institutions gouvernementales,0.365,0.48,-0,-0,0.155,E,E,A,A,C,-0,0.845
CA,2023,2023 Q1,Entreprises,0.192,0.47200000000000003,-0.15,-0.043,0.142,A,A,A,A,A,-0.193,0.664
NL,2023,2023 Q1,Entreprises,0.275,0.46,-0.10800000000000001,-0.026000000000000002,0.13,A,B,A,A,A,-0.134,0.7350000000000001
PE,2023,2023 Q1,Entreprises,0.215,0.509,-0.131,-0.036000000000000004,0.109,A,B,A,A,A,-0.167,0.724
NS,2023,2023 Q1,Entreprises,0.263,0.469,-0.10400000000000001,-0.042,0.122,A,B,A,A,A,-0.14600000000000002,0.732
NB,2023,2023 Q1,Entreprises,0.28300000000000003,0.45799999999999996,-0.133,-0.026000000000000002,0.1,A,B,A,A,A,-0.159,0.741
QC,2023,2023 Q1,Entreprises,0.21600000000000003,0.529,-0.09699999999999999,-0.025,0.133,A,A,A,A,A,-0.122,0.7450000000000001
ON,2023,2023 Q1,Entreprises,0.18100000000000002,0.426,-0.188,-0.051,0.154,A,A,A,A,A,-0.239,0.607
MB,2023,2023 Q1,Entreprises,0.225,0.516,-0.115,-0.031,0.11199999999999999,A,A,A,A,A,-0.14600000000000002,0.741
SK,2023,2023 Q1,Entreprises,0.20800000000000002,0.467,-0.139,-0.045,0.142,A,B,A,A,A,-0.184,0.675
AB,2023,2023 Q1,Entreprises,0.15,0.484,-0.16399999999999998,-0.043,0.159,A,B,A,A,A,-0.20699999999999996,0.634
BC,2023,2023 Q1,Entreprises,0.184,0.491,-0.142,-0.055999999999999994,0.128,A,A,A,A,A,-0.19799999999999998,0.675
YT,2023,2023 Q1,Entreprises,0.273,0.41,-0.132,-0.016,0.16899999999999998,B,B,B,A,B,-0.14800000000000002,0.683
NT,2023,2023 Q1,Entreprises,0.19399999999999998,0.379,-0.239,-0.055,0.133,B,B,B,B,B,-0.294,0.573
NU,2023,2023 Q1,Entreprises,0.321,0.526,-0.068,-0.004,0.08,C,C,A,A,B,-0.07200000000000001,0.847
CA,2023.25,2023 Q2,Organismes communautaires à but non lucratif,0.319,0.507,-0.096,-0.028999999999999998,0.05,B,B,A,A,A,-0.125,0.8260000000000001
NL,2023.25,2023 Q2,Organismes communautaires à but non lucratif,0.33799999999999997,0.43,-0.11199999999999999,-0.012,0.10800000000000001,C,D,C,A,C,-0.12399999999999999,0.768
PE,2023.25,2023 Q2,Organismes communautaires à but non lucratif,0.35600000000000004,0.49,-0.042,-0.068,0.044000000000000004,C,D,A,B,B,-0.11000000000000001,0.8460000000000001
NS,2023.25,2023 Q2,Organismes communautaires à but non lucratif,0.305,0.565,-0.083,-0.025,0.021,D,D,B,A,A,-0.10800000000000001,0.8699999999999999
NB,2023.25,2023 Q2,Organismes communautaires à but non lucratif,0.392,0.39799999999999996,-0.069,-0.005,0.136,D,D,B,A,C,-0.07400000000000001,0.79
QC,2023.25,2023 Q2,Organismes communautaires à but non lucratif,0.22699999999999998,0.653,-0.091,-0,0.027999999999999997,C,C,B,A,A,-0.091,0.88
ON,2023.25,2023 Q2,Organismes communautaires à but non lucratif,0.326,0.41100000000000003,-0.162,-0.063,0.039,C,C,C,C,A,-0.225,0.7370000000000001
MB,2023.25,2023 Q2,Organismes communautaires à but non lucratif,0.32899999999999996,0.436,-0.109,-0.006999999999999999,0.11900000000000001,C,C,B,A,C,-0.11599999999999999,0.7649999999999999
SK,2023.25,2023 Q2,Organismes communautaires à but non lucratif,0.402,0.508,-0.032,-0.025,0.032,C,C,A,A,A,-0.057,0.91
AB,2023.25,2023 Q2,Organismes communautaires à but non lucratif,0.515,0.424,-0.012,-0.011000000000000001,0.039,D,D,A,A,A,-0.023,0.9390000000000001
BC,2023.25,2023 Q2,Organismes communautaires à but non lucratif,0.25,0.574,-0.057999999999999996,-0.04,0.078,C,C,A,A,C,-0.098,0.824
YT,2023.25,2023 Q2,Organismes communautaires à but non lucratif,0.272,0.613,-0,-0,0.115,D,D,A,A,C,-0,0.885
NT,2023.25,2023 Q2,Organismes communautaires à but non lucratif,0.307,0.505,-0.07200000000000001,-0.021,0.096,E,E,B,A,C,-0.09300000000000001,0.812
NU,2023.25,2023 Q2,Organismes communautaires à but non lucratif,0.589,0.292,-0,-0.017,0.102,E,E,A,A,C,-0.017,0.881
CA,2023.25,2023 Q2,Institutions commerciales à but non lucratif,0.513,0.371,-0.025,-0.002,0.08800000000000001,D,C,A,A,C,-0.027000000000000003,0.884
NL,2023.25,2023 Q2,Institutions commerciales à but non lucratif,0.583,0.28600000000000003,-0.02,-0,0.11199999999999999,E,E,A,A,C,-0.02,0.869
PE,2023.25,2023 Q2,Institutions commerciales à but non lucratif,0.272,0.693,-0.01,-0,0.024,E,E,A,A,A,-0.01,0.965
NS,2023.25,2023 Q2,Institutions commerciales à but non lucratif,0.39799999999999996,0.40299999999999997,-0.085,-0,0.114,E,E,D,A,D,-0.085,0.8009999999999999
NB,2023.25,2023 Q2,Institutions commerciales à but non lucratif,0.344,0.5579999999999999,-0.004,-0,0.094,E,E,A,A,C,-0.004,0.9019999999999999
QC,2023.25,2023 Q2,Institutions commerciales à but non lucratif,0.414,0.55,-0.008,-0.006,0.022000000000000002,E,E,A,A,A,-0.014,0.964
ON,2023.25,2023 Q2,Institutions commerciales à but non lucratif,NA,0.266,-0.006,-0,0.106,NA,D,A,A,E,-0.006,NA
MB,2023.25,2023 Q2,Institutions commerciales à but non lucratif,0.506,0.242,-0.11900000000000001,-0,0.133,E,D,D,A,E,-0.11900000000000001,0.748
SK,2023.25,2023 Q2,Institutions commerciales à but non lucratif,0.182,0.18,NA,-0,NA,D,D,NA,A,NA,NA,0.362
AB,2023.25,2023 Q2,Institutions commerciales à but non lucratif,0.545,0.369,-0.047,-0,0.039,D,D,B,A,B,-0.047,0.914
BC,2023.25,2023 Q2,Institutions commerciales à but non lucratif,NA,NA,-0.027999999999999997,-0.006999999999999999,0.067,NA,NA,A,A,B,-0.034999999999999996,NA
YT,2023.25,2023 Q2,Institutions commerciales à but non lucratif,NA,0.212,-0,-0,NA,NA,E,A,A,NA,-0,NA
NT,2023.25,2023 Q2,Institutions commerciales à but non lucratif,0.198,NA,-0.026000000000000002,-0,0.102,E,NA,A,A,D,-0.026000000000000002,NA
NU,2023.25,2023 Q2,Institutions commerciales à but non lucratif,0.66,0.315,-0.025,-0,0,E,E,A,A,A,-0.025,0.9750000000000001
CA,2023.25,2023 Q2,Institutions gouvernementales,0.22899999999999998,0.55,-0.086,-0,0.135,D,E,B,A,C,-0.086,0.779
NL,2023.25,2023 Q2,Institutions gouvernementales,0.111,0.816,-0.057,-0,0.016,D,E,B,A,A,-0.057,0.9269999999999999
PE,2023.25,2023 Q2,Institutions gouvernementales,0.37200000000000005,0.568,-0,-0,0.06,E,E,A,A,C,-0,0.94
NS,2023.25,2023 Q2,Institutions gouvernementales,0.22699999999999998,NA,-0.04,-0,0.17300000000000001,E,NA,B,A,E,-0.04,NA
NB,2023.25,2023 Q2,Institutions gouvernementales,NA,NA,NA,-0,0,NA,NA,NA,A,A,NA,NA
QC,2023.25,2023 Q2,Institutions gouvernementales,0.226,NA,NA,-0,0.063,E,NA,NA,A,C,NA,NA
ON,2023.25,2023 Q2,Institutions gouvernementales,0.231,NA,-0.008,-0,0.175,E,NA,A,A,E,-0.008,NA
MB,2023.25,2023 Q2,Institutions gouvernementales,NA,NA,-0.016,-0,0.114,NA,NA,A,A,E,-0.016,NA
SK,2023.25,2023 Q2,Institutions gouvernementales,0.113,0.20600000000000002,NA,-0,0.048,D,E,NA,A,C,NA,0.319
AB,2023.25,2023 Q2,Institutions gouvernementales,0.157,NA,NA,-0,0.009000000000000001,E,NA,NA,A,A,NA,NA
BC,2023.25,2023 Q2,Institutions gouvernementales,NA,NA,-0.015,-0,0.054000000000000006,NA,NA,A,A,C,-0.015,NA
YT,2023.25,2023 Q2,Institutions gouvernementales,NA,NA,-0,-0,0,NA,NA,A,A,A,-0,NA
NT,2023.25,2023 Q2,Institutions gouvernementales,NA,NA,-0,-0,0.196,NA,NA,A,A,E,-0,NA
NU,2023.25,2023 Q2,Institutions gouvernementales,NA,NA,-0,-0,0.18,NA,NA,A,A,E,-0,NA
CA,2023.25,2023 Q2,Entreprises,0.21899999999999997,0.508,-0.121,-0.028999999999999998,0.122,A,A,A,A,A,-0.15,0.727
NL,2023.25,2023 Q2,Entreprises,0.212,0.456,-0.10800000000000001,-0.036000000000000004,0.187,A,B,A,A,B,-0.14400000000000002,0.668
PE,2023.25,2023 Q2,Entreprises,0.26,0.53,-0.07400000000000001,-0.006999999999999999,0.129,B,B,A,A,A,-0.08100000000000002,0.79
NS,2023.25,2023 Q2,Entreprises,0.258,0.452,-0.145,-0.035,0.109,A,B,A,A,A,-0.18,0.71
NB,2023.25,2023 Q2,Entreprises,0.298,0.473,-0.086,-0.016,0.126,B,B,A,A,A,-0.102,0.7709999999999999
QC,2023.25,2023 Q2,Entreprises,0.19699999999999998,0.627,-0.09699999999999999,-0.013000000000000001,0.066,A,A,A,A,A,-0.10999999999999999,0.824
ON,2023.25,2023 Q2,Entreprises,0.23,0.469,-0.14,-0.027999999999999997,0.133,A,B,A,A,A,-0.168,0.699
MB,2023.25,2023 Q2,Entreprises,0.21899999999999997,0.45799999999999996,-0.121,-0.03,0.172,A,B,A,A,A,-0.151,0.6769999999999999
SK,2023.25,2023 Q2,Entreprises,0.223,0.48,-0.10400000000000001,-0.038,0.155,A,B,A,A,A,-0.14200000000000002,0.703
AB,2023.25,2023 Q2,Entreprises,0.17800000000000002,0.535,-0.092,-0.057,0.138,A,B,A,A,A,-0.149,0.7130000000000001
BC,2023.25,2023 Q2,Entreprises,0.239,0.456,-0.13699999999999998,-0.028999999999999998,0.139,A,B,A,A,A,-0.16599999999999998,0.6950000000000001
YT,2023.25,2023 Q2,Entreprises,0.21600000000000003,0.552,-0.039,-0.012,0.18100000000000002,B,C,A,A,B,-0.051000000000000004,0.768
NT,2023.25,2023 Q2,Entreprises,0.317,0.435,-0.08800000000000001,-0.034,0.126,C,C,B,A,B,-0.12200000000000001,0.752
NU,2023.25,2023 Q2,Entreprises,0.218,0.616,-0.083,-0.005,0.077,B,B,A,A,A,-0.08800000000000001,0.834
CA,2023.5,2023 Q3,Organismes communautaires à but non lucratif,0.45299999999999996,0.42200000000000004,-0.062,-0.002,0.061,B,B,A,A,A,-0.064,0.875
NL,2023.5,2023 Q3,Organismes communautaires à but non lucratif,0.46799999999999997,0.47100000000000003,-0.016,-0.002,0.043,C,C,A,A,A,-0.018000000000000002,0.9390000000000001
PE,2023.5,2023 Q3,Organismes communautaires à but non lucratif,0.32899999999999996,0.489,-0.084,-0.051,0.048,D,D,C,B,A,-0.135,0.818
NS,2023.5,2023 Q3,Organismes communautaires à but non lucratif,0.35700000000000004,0.449,-0.054000000000000006,-0.004,0.136,C,C,B,A,C,-0.05800000000000001,0.806
NB,2023.5,2023 Q3,Organismes communautaires à but non lucratif,0.33299999999999996,0.467,-0.11800000000000001,-0.013000000000000001,0.07,C,D,B,A,B,-0.131,0.8
QC,2023.5,2023 Q3,Organismes communautaires à but non lucratif,0.47700000000000004,0.45799999999999996,-0.05,-0,0.015,C,C,A,A,A,-0.05,0.935
ON,2023.5,2023 Q3,Organismes communautaires à but non lucratif,0.508,0.359,-0.081,-0.001,0.051,D,C,B,A,A,-0.082,0.867
MB,2023.5,2023 Q3,Organismes communautaires à but non lucratif,0.27,0.474,-0.13699999999999998,-0,0.11800000000000001,C,D,C,A,C,-0.13699999999999998,0.744
SK,2023.5,2023 Q3,Organismes communautaires à but non lucratif,0.561,0.24100000000000002,-0.107,-0.009000000000000001,0.083,C,B,B,A,B,-0.11599999999999999,0.802
AB,2023.5,2023 Q3,Organismes communautaires à but non lucratif,0.461,0.475,-0.045,-0.001,0.017,D,D,A,A,A,-0.046,0.9359999999999999
BC,2023.5,2023 Q3,Organismes communautaires à but non lucratif,0.337,0.499,-0.01,-0.001,0.153,D,D,A,A,D,-0.011,0.8360000000000001
YT,2023.5,2023 Q3,Organismes communautaires à but non lucratif,0.456,NA,-0,-0.059000000000000004,0.035,E,NA,A,C,B,-0.059000000000000004,NA
NT,2023.5,2023 Q3,Organismes communautaires à but non lucratif,0.45,0.445,-0.061,-0,0.043,D,D,C,A,B,-0.061,0.895
NU,2023.5,2023 Q3,Organismes communautaires à but non lucratif,0.395,0.465,-0.11800000000000001,-0,0.023,D,D,C,A,A,-0.11800000000000001,0.8600000000000001
CA,2023.5,2023 Q3,Institutions commerciales à but non lucratif,0.465,0.414,-0.061,-0.002,0.057,C,C,B,A,B,-0.063,0.879
NL,2023.5,2023 Q3,Institutions commerciales à but non lucratif,0.303,0.6970000000000001,-0,-0,0,E,E,A,A,A,-0,1
PE,2023.5,2023 Q3,Institutions commerciales à but non lucratif,0.503,0.441,-0.040999999999999995,-0,0.015,E,E,B,A,A,-0.040999999999999995,0.944
NS,2023.5,2023 Q3,Institutions commerciales à but non lucratif,NA,0.08900000000000001,-0.006,-0,NA,NA,B,A,A,NA,-0.006,NA
NB,2023.5,2023 Q3,Institutions commerciales à but non lucratif,0.542,0.385,-0.02,-0,0.052000000000000005,E,E,A,A,B,-0.02,0.927
QC,2023.5,2023 Q3,Institutions commerciales à but non lucratif,0.456,0.473,-0.035,-0.001,0.035,E,E,A,A,B,-0.036000000000000004,0.929
ON,2023.5,2023 Q3,Institutions commerciales à but non lucratif,NA,0.184,-0.174,-0.001,0.026000000000000002,NA,D,E,A,A,-0.175,NA
MB,2023.5,2023 Q3,Institutions commerciales à but non lucratif,0.264,0.622,-0.002,-0,0.11199999999999999,E,E,A,A,D,-0.002,0.886
SK,2023.5,2023 Q3,Institutions commerciales à but non lucratif,0.451,0.37200000000000005,-0.16,-0.006999999999999999,0.011000000000000001,E,D,E,A,A,-0.167,0.8230000000000001
AB,2023.5,2023 Q3,Institutions commerciales à but non lucratif,NA,NA,-0.043,-0.008,0.021,NA,NA,B,A,A,-0.051,NA
BC,2023.5,2023 Q3,Institutions commerciales à but non lucratif,NA,NA,-0.004,-0.004,0.006999999999999999,NA,NA,A,A,A,-0.008,NA
YT,2023.5,2023 Q3,Institutions commerciales à but non lucratif,NA,NA,-0,-0.025,0,NA,NA,A,A,A,-0.025,NA
NT,2023.5,2023 Q3,Institutions commerciales à but non lucratif,0.29,NA,NA,-0,0.049,E,NA,NA,A,B,NA,NA
NU,2023.5,2023 Q3,Institutions commerciales à but non lucratif,0.685,0.209,-0.105,-0,0,E,E,D,A,A,-0.105,0.894
CA,2023.5,2023 Q3,Institutions gouvernementales,0.196,0.693,-0.003,-0.001,0.107,C,D,A,A,C,-0.004,0.889
NL,2023.5,2023 Q3,Institutions gouvernementales,0.142,0.763,-0.027000000000000003,-0,0.069,D,E,A,A,C,-0.027000000000000003,0.905
PE,2023.5,2023 Q3,Institutions gouvernementales,0.294,0.706,-0,-0,0,E,E,A,A,A,-0,1
NS,2023.5,2023 Q3,Institutions gouvernementales,0.856,0.10400000000000001,-0,-0,0.04,D,D,A,A,B,-0,0.96
NB,2023.5,2023 Q3,Institutions gouvernementales,NA,NA,-0,-0,0,NA,NA,A,A,A,-0,NA
QC,2023.5,2023 Q3,Institutions gouvernementales,0.13,0.867,-0,-0,0.003,D,D,A,A,A,-0,0.997
ON,2023.5,2023 Q3,Institutions gouvernementales,NA,NA,-0.008,-0,0.092,NA,NA,A,A,C,-0.008,NA
MB,2023.5,2023 Q3,Institutions gouvernementales,0.201,NA,-0.02,-0.016,NA,E,NA,A,A,NA,-0.036000000000000004,NA
SK,2023.5,2023 Q3,Institutions gouvernementales,0.76,0.161,-0,-0,0.078,D,D,A,A,C,-0,0.921
AB,2023.5,2023 Q3,Institutions gouvernementales,0.124,NA,-0,-0,NA,D,NA,A,A,NA,-0,NA
BC,2023.5,2023 Q3,Institutions gouvernementales,0.16899999999999998,0.14300000000000002,-0.001,-0,NA,E,E,A,A,NA,-0.001,0.312
YT,2023.5,2023 Q3,Institutions gouvernementales,NA,0.139,-0,-0.146,NA,NA,E,A,E,NA,-0.146,NA
NT,2023.5,2023 Q3,Institutions gouvernementales,NA,0.14400000000000002,-0,-0,NA,NA,D,A,A,NA,-0,NA
NU,2023.5,2023 Q3,Institutions gouvernementales,0.419,0.376,-0,-0,0.205,E,E,A,A,D,-0,0.7949999999999999
CA,2023.5,2023 Q3,Entreprises,0.204,0.442,-0.14300000000000002,-0.045,0.16699999999999998,A,A,A,A,A,-0.188,0.646
NL,2023.5,2023 Q3,Entreprises,0.26899999999999996,0.48200000000000004,-0.091,-0.031,0.126,A,B,A,A,A,-0.122,0.751
PE,2023.5,2023 Q3,Entreprises,0.252,0.434,-0.092,-0.012,0.21,B,B,A,A,B,-0.104,0.6859999999999999
NS,2023.5,2023 Q3,Entreprises,0.307,0.414,-0.10800000000000001,-0.036000000000000004,0.134,A,B,A,A,A,-0.14400000000000002,0.721
NB,2023.5,2023 Q3,Entreprises,0.282,0.43799999999999994,-0.107,-0.039,0.133,A,A,A,A,A,-0.146,0.72
QC,2023.5,2023 Q3,Entreprises,0.24100000000000002,0.53,-0.098,-0.018000000000000002,0.114,A,A,A,A,A,-0.116,0.771
ON,2023.5,2023 Q3,Entreprises,0.175,0.396,-0.16899999999999998,-0.066,0.195,A,A,A,A,A,-0.235,0.571
MB,2023.5,2023 Q3,Entreprises,0.262,0.418,-0.107,-0.055999999999999994,0.157,A,B,A,A,A,-0.16299999999999998,0.6799999999999999
SK,2023.5,2023 Q3,Entreprises,0.207,0.475,-0.126,-0.035,0.156,A,B,A,A,A,-0.161,0.6819999999999999
AB,2023.5,2023 Q3,Entreprises,0.19399999999999998,0.449,-0.14300000000000002,-0.033,0.18100000000000002,A,B,A,A,A,-0.17600000000000002,0.643
BC,2023.5,2023 Q3,Entreprises,0.19,0.43,-0.166,-0.043,0.171,A,B,A,A,A,-0.20900000000000002,0.62
YT,2023.5,2023 Q3,Entreprises,0.17300000000000001,0.43700000000000006,-0.184,-0.013000000000000001,0.19399999999999998,B,C,C,A,C,-0.197,0.6100000000000001
NT,2023.5,2023 Q3,Entreprises,0.29,0.501,-0.062,-0.028999999999999998,0.11699999999999999,C,C,B,A,B,-0.091,0.7909999999999999
NU,2023.5,2023 Q3,Entreprises,0.28800000000000003,0.447,-0.111,-0.034,0.12,C,B,B,B,B,-0.14500000000000002,0.7350000000000001
CA,2023.75,2023 Q4,Organismes communautaires à but non lucratif,0.37,0.496,-0.071,-0.006,0.055999999999999994,B,B,A,A,A,-0.077,0.866
NL,2023.75,2023 Q4,Organismes communautaires à but non lucratif,0.389,0.423,-0.083,-0.001,0.10400000000000001,D,C,B,A,B,-0.084,0.812
PE,2023.75,2023 Q4,Organismes communautaires à but non lucratif,0.35200000000000004,0.545,-0.042,-0.017,0.044000000000000004,C,C,A,A,B,-0.059000000000000004,0.897
NS,2023.75,2023 Q4,Organismes communautaires à but non lucratif,0.382,0.385,-0.17,-0.037000000000000005,0.025,C,C,D,B,A,-0.20700000000000002,0.767
NB,2023.75,2023 Q4,Organismes communautaires à but non lucratif,0.375,0.519,-0.027999999999999997,-0.002,0.076,C,C,A,A,C,-0.03,0.894
QC,2023.75,2023 Q4,Organismes communautaires à but non lucratif,0.237,0.6579999999999999,-0.048,-0.002,0.055999999999999994,B,C,A,A,B,-0.05,0.8949999999999999
ON,2023.75,2023 Q4,Organismes communautaires à but non lucratif,0.47600000000000003,0.40299999999999997,-0.084,-0.002,0.036000000000000004,C,C,B,A,A,-0.08600000000000001,0.879
MB,2023.75,2023 Q4,Organismes communautaires à but non lucratif,0.27,0.584,-0.067,-0.038,0.040999999999999995,C,C,B,A,A,-0.10500000000000001,0.854
SK,2023.75,2023 Q4,Organismes communautaires à but non lucratif,0.35700000000000004,0.494,-0.083,-0.002,0.064,C,C,B,A,B,-0.085,0.851
AB,2023.75,2023 Q4,Organismes communautaires à but non lucratif,0.552,0.33,-0.06,-0.003,0.055999999999999994,D,D,B,A,B,-0.063,0.8820000000000001
BC,2023.75,2023 Q4,Organismes communautaires à but non lucratif,0.268,0.5429999999999999,-0.086,-0.003,0.1,C,C,B,A,C,-0.089,0.8109999999999999
YT,2023.75,2023 Q4,Organismes communautaires à but non lucratif,0.315,0.431,-0,-0,NA,E,E,A,A,NA,-0,0.746
NT,2023.75,2023 Q4,Organismes communautaires à but non lucratif,0.43799999999999994,0.36200000000000004,-0.044000000000000004,-0.069,0.087,E,D,A,B,B,-0.11300000000000002,0.8
NU,2023.75,2023 Q4,Organismes communautaires à but non lucratif,0.29,0.616,-0.027000000000000003,-0,0.068,D,D,A,A,B,-0.027000000000000003,0.9059999999999999
CA,2023.75,2023 Q4,Institutions commerciales à but non lucratif,0.35700000000000004,0.36700000000000005,-0.188,-0.004,0.084,C,C,D,A,B,-0.192,0.7240000000000001
NL,2023.75,2023 Q4,Institutions commerciales à but non lucratif,NA,NA,-0,-0.012,0.012,NA,NA,A,A,A,-0.012,NA
PE,2023.75,2023 Q4,Institutions commerciales à but non lucratif,0.359,0.62,-0,-0.011000000000000001,0.01,E,E,A,A,A,-0.011000000000000001,0.979
NS,2023.75,2023 Q4,Institutions commerciales à but non lucratif,0.20600000000000002,NA,NA,-0,0.004,E,NA,NA,A,A,NA,NA
NB,2023.75,2023 Q4,Institutions commerciales à but non lucratif,0.292,0.165,-0.11800000000000001,-0,NA,E,D,D,A,NA,-0.11800000000000001,0.45699999999999996
QC,2023.75,2023 Q4,Institutions commerciales à but non lucratif,0.247,0.43,NA,-0.006,0.016,E,E,NA,A,A,NA,0.677
ON,2023.75,2023 Q4,Institutions commerciales à but non lucratif,0.374,0.364,-0.242,-0.003,0.016,E,E,E,A,A,-0.245,0.738
MB,2023.75,2023 Q4,Institutions commerciales à but non lucratif,0.29100000000000004,0.434,-0.023,-0,NA,E,E,A,A,NA,-0.023,0.7250000000000001
SK,2023.75,2023 Q4,Institutions commerciales à but non lucratif,NA,0.294,-0.212,-0.011000000000000001,0.003,NA,E,E,A,A,-0.223,NA
AB,2023.75,2023 Q4,Institutions commerciales à but non lucratif,0.515,0.433,-0.027000000000000003,-0.003,0.022000000000000002,E,E,A,A,A,-0.030000000000000002,0.948
BC,2023.75,2023 Q4,Institutions commerciales à but non lucratif,NA,0.20199999999999999,-0.019,-0,NA,NA,D,A,A,NA,-0.019,NA
YT,2023.75,2023 Q4,Institutions commerciales à but non lucratif,NA,NA,-0,-0,0,NA,NA,A,A,A,-0,NA
NT,2023.75,2023 Q4,Institutions commerciales à but non lucratif,NA,0.268,-0,-0,0.094,NA,E,A,A,C,-0,NA
NU,2023.75,2023 Q4,Institutions commerciales à but non lucratif,0.40700000000000003,0.512,-0,-0,0.08199999999999999,E,E,A,A,C,-0,0.919
CA,2023.75,2023 Q4,Institutions gouvernementales,0.392,0.45799999999999996,-0.009000000000000001,-0.012,0.129,E,E,A,A,C,-0.021,0.85
NL,2023.75,2023 Q4,Institutions gouvernementales,0.083,NA,NA,-0,0.027999999999999997,C,NA,NA,A,A,NA,NA
PE,2023.75,2023 Q4,Institutions gouvernementales,0.341,0.659,-0,-0,0,E,E,A,A,A,-0,1
NS,2023.75,2023 Q4,Institutions gouvernementales,0.353,NA,-0,-0,0.153,E,NA,A,A,E,-0,NA
NB,2023.75,2023 Q4,Institutions gouvernementales,0.165,NA,-0,-0,NA,E,NA,A,A,NA,-0,NA
QC,2023.75,2023 Q4,Institutions gouvernementales,NA,NA,-0.001,-0.005,0.038,NA,NA,A,A,B,-0.006,NA
ON,2023.75,2023 Q4,Institutions gouvernementales,NA,NA,-0,-0.028999999999999998,0.08800000000000001,NA,NA,A,B,D,-0.028999999999999998,NA
MB,2023.75,2023 Q4,Institutions gouvernementales,NA,NA,-0,-0,0,NA,NA,A,A,A,-0,NA
SK,2023.75,2023 Q4,Institutions gouvernementales,0.846,0.037000000000000005,-0.105,-0,0.011000000000000001,E,B,E,A,A,-0.105,0.883
AB,2023.75,2023 Q4,Institutions gouvernementales,NA,NA,-0.032,-0,NA,NA,NA,B,A,NA,-0.032,NA
BC,2023.75,2023 Q4,Institutions gouvernementales,0.038,NA,-0,-0,NA,B,NA,A,A,NA,-0,NA
YT,2023.75,2023 Q4,Institutions gouvernementales,0.746,0.193,-0.061,-0,0,E,E,B,A,A,-0.061,0.9390000000000001
NT,2023.75,2023 Q4,Institutions gouvernementales,0.038,NA,-0,-0,NA,B,NA,A,A,NA,-0,NA
NU,2023.75,2023 Q4,Institutions gouvernementales,NA,NA,-0,-0,0.10099999999999999,NA,NA,A,A,C,-0,NA
CA,2023.75,2023 Q4,Entreprises,0.18899999999999997,0.455,-0.163,-0.051,0.142,A,A,A,A,A,-0.214,0.644
NL,2023.75,2023 Q4,Entreprises,0.21899999999999997,0.483,-0.138,-0.032,0.128,A,B,A,A,A,-0.17,0.702
PE,2023.75,2023 Q4,Entreprises,0.225,0.48,-0.13699999999999998,-0.062,0.09699999999999999,A,B,A,A,A,-0.19899999999999998,0.705
NS,2023.75,2023 Q4,Entreprises,0.239,0.456,-0.107,-0.051,0.147,A,B,A,A,A,-0.158,0.6950000000000001
NB,2023.75,2023 Q4,Entreprises,0.252,0.49,-0.102,-0.027000000000000003,0.13,A,A,A,A,A,-0.129,0.742
QC,2023.75,2023 Q4,Entreprises,0.24100000000000002,0.47200000000000003,-0.13699999999999998,-0.047,0.10300000000000001,A,A,A,A,A,-0.184,0.7130000000000001
ON,2023.75,2023 Q4,Entreprises,0.17600000000000002,0.424,-0.163,-0.063,0.17300000000000001,A,B,A,A,A,-0.226,0.6
MB,2023.75,2023 Q4,Entreprises,0.201,0.466,-0.16399999999999998,-0.042,0.127,A,A,A,A,A,-0.206,0.667
SK,2023.75,2023 Q4,Entreprises,0.193,0.484,-0.13,-0.075,0.11800000000000001,A,B,A,A,A,-0.20500000000000002,0.677
AB,2023.75,2023 Q4,Entreprises,0.187,0.45,-0.184,-0.043,0.13699999999999998,A,A,A,A,A,-0.22699999999999998,0.637
BC,2023.75,2023 Q4,Entreprises,0.131,0.498,-0.203,-0.038,0.13,A,B,A,A,A,-0.24100000000000002,0.629
YT,2023.75,2023 Q4,Entreprises,0.235,0.397,-0.161,-0.037000000000000005,0.171,B,C,B,A,C,-0.198,0.632
NT,2023.75,2023 Q4,Entreprises,0.21100000000000002,0.539,-0.04,-0.065,0.14400000000000002,B,C,A,B,B,-0.10500000000000001,0.75
NU,2023.75,2023 Q4,Entreprises,0.244,0.631,-0.07400000000000001,-0,0.051,C,C,A,A,A,-0.07400000000000001,0.875
